-- MySQL dump 10.13  Distrib 8.0.40, for macos14 (x86_64)
--
-- Host: localhost    Database: boolbnb
-- ------------------------------------------------------
-- Server version	9.1.0

/*!40101 SET @OLD_CHARACTER_SET_CLIENT=@@CHARACTER_SET_CLIENT */;
/*!40101 SET @OLD_CHARACTER_SET_RESULTS=@@CHARACTER_SET_RESULTS */;
/*!40101 SET @OLD_COLLATION_CONNECTION=@@COLLATION_CONNECTION */;
/*!50503 SET NAMES utf8 */;
/*!40103 SET @OLD_TIME_ZONE=@@TIME_ZONE */;
/*!40103 SET TIME_ZONE='+00:00' */;
/*!40014 SET @OLD_UNIQUE_CHECKS=@@UNIQUE_CHECKS, UNIQUE_CHECKS=0 */;
/*!40014 SET @OLD_FOREIGN_KEY_CHECKS=@@FOREIGN_KEY_CHECKS, FOREIGN_KEY_CHECKS=0 */;
/*!40101 SET @OLD_SQL_MODE=@@SQL_MODE, SQL_MODE='NO_AUTO_VALUE_ON_ZERO' */;
/*!40111 SET @OLD_SQL_NOTES=@@SQL_NOTES, SQL_NOTES=0 */;

--
-- Table structure for table `immobili`
--

DROP TABLE IF EXISTS `immobili`;
/*!40101 SET @saved_cs_client     = @@character_set_client */;
/*!50503 SET character_set_client = utf8mb4 */;
CREATE TABLE `immobili` (
  `id` int unsigned NOT NULL AUTO_INCREMENT,
  `id_proprietario` int unsigned NOT NULL,
  `id_tipologia_immobile` int unsigned NOT NULL,
  `titolo` varchar(150) NOT NULL,
  `num_stanze` tinyint unsigned NOT NULL,
  `num_letti` tinyint unsigned NOT NULL,
  `num_bagni` tinyint unsigned NOT NULL,
  `città` varchar(60) NOT NULL,
  `indirizzo` varchar(150) NOT NULL,
  `mq` int unsigned DEFAULT NULL,
  `immagine` varchar(260) DEFAULT NULL,
  `num_likes` int unsigned DEFAULT '0',
  PRIMARY KEY (`id`),
  UNIQUE KEY `id_UNIQUE` (`id`),
  KEY `id_proprietario_idx` (`id_proprietario`),
  KEY `id_tipologia_immobile_idx` (`id_tipologia_immobile`),
  CONSTRAINT `id_proprietario` FOREIGN KEY (`id_proprietario`) REFERENCES `proprietari` (`id`) ON UPDATE CASCADE,
  CONSTRAINT `id_tipologia_immobile` FOREIGN KEY (`id_tipologia_immobile`) REFERENCES `tipologie_immobile` (`id`) ON DELETE RESTRICT ON UPDATE CASCADE
) ENGINE=InnoDB AUTO_INCREMENT=249 DEFAULT CHARSET=utf8mb4 COLLATE=utf8mb4_0900_ai_ci;
/*!40101 SET character_set_client = @saved_cs_client */;

--
-- Dumping data for table `immobili`
--

LOCK TABLES `immobili` WRITE;
/*!40000 ALTER TABLE `immobili` DISABLE KEYS */;
INSERT INTO `immobili` VALUES (1,5,1,'Appartamento accogliente nel centro di Roma',3,2,1,'Roma','Via Nazionale, 42',85,'1.jpg',200),(2,12,2,'Villetta con giardino a Firenze',4,3,2,'Firenze','Viale dei Colli, 10',150,'2.jpg',494),(3,7,3,'Monolocale arredato a Napoli',1,1,1,'Napoli','Via Partenope, 15',40,'3.jpg',126),(4,5,4,'Attico moderno con vista a Roma',3,2,1,'Roma','Piazza di Spagna, 8',120,'4.jpg',308),(5,19,5,'Loft spazioso a Milano',2,2,1,'Milano','Corso Como, 55',90,'5.jpg',404),(6,3,1,'Appartamento in zona universitaria a Torino',3,2,1,'Torino','Via Po, 30',95,'6.jpg',210),(7,12,2,'Villetta indipendente con giardino a Firenze',4,3,2,'Firenze','Piazza della Libertà, 25',160,'7.jpg',421),(8,7,3,'Monolocale centrale a Napoli',1,1,1,'Napoli','Via Toledo, 56',35,'8.jpg',159),(9,21,4,'Appartamento luminoso a Verona',3,2,1,'Verona','Via Giuseppe Mazzini, 14',80,'9.jpg',183),(10,30,5,'Loft elegante a Bologna',2,2,1,'Bologna','Piazza Maggiore, 9',75,'10.jpg',220),(11,5,4,'Attico con terrazza a Roma',3,2,1,'Roma','Viale Europa, 11',130,'11.jpg',359),(12,8,3,'Monolocale economico a Palermo',1,1,1,'Palermo','Via Roma, 27',30,'12.jpg',80),(13,17,2,'Villetta con vista a Bari',4,3,2,'Bari','Lungomare, 45',140,'13.jpg',376),(14,9,1,'Appartamento ristrutturato a Genova',3,2,1,'Genova','Via Garibaldi, 20',85,'14.jpg',210),(15,7,3,'Monolocale vicino al mare a Napoli',1,1,1,'Napoli','Via Marina, 10',40,'15.jpg',100),(16,16,1,'Appartamento moderno a Trento',3,2,1,'Trento','Via Dante, 16',95,'16.jpg',255),(17,19,2,'Villetta con giardino privato a Milano',5,4,3,'Milano','Via della Moscova, 12',160,'17.jpg',503),(18,3,1,'Appartamento a Torino in zona tranquilla',2,2,1,'Torino','Corso Moncalieri, 40',70,'18.jpg',160),(19,25,5,'Loft elegante a Lecce',2,2,1,'Lecce','Piazza Sant’Oronzo, 7',80,'19.jpg',240),(20,10,4,'Attico con vista mare a Venezia',4,3,2,'Venezia','Riva degli Schiavoni, 13',120,'20.jpg',355),(21,15,1,'Appartamento familiare a Bolzano',4,3,2,'Bolzano','Via della Stazione, 5',100,'21.jpg',220),(22,25,2,'Villetta moderna a Lecce',5,4,3,'Lecce','Via Leopardi, 15',180,'22.jpg',550),(23,22,5,'Loft con vista panoramica a Trieste',2,2,1,'Trieste','Viale XX Settembre, 22',95,'23.jpg',271),(24,9,1,'Appartamento con terrazza a Parma',3,2,1,'Parma','Piazza Garibaldi, 18',85,'24.jpg',229),(25,12,3,'Monolocale per studenti a Firenze',1,1,1,'Firenze','Via dei Calzaiuoli, 8',30,'25.jpg',75),(26,13,2,'Villetta con piscina a Modena',5,4,3,'Modena','Via Emilia, 88',150,'26.jpg',432),(27,14,1,'Appartamento con vista a Pisa',3,2,1,'Pisa','Lungarno, 24',90,'27.jpg',250),(28,7,5,'Loft a Napoli con soppalco',2,2,1,'Napoli','Via Chiaia, 17',80,'28.jpg',240),(29,24,4,'Attico panoramico a Salerno',4,3,2,'Salerno','Lungomare, 3',110,'29.jpg',309),(30,13,3,'Monolocale economico a Roma',1,1,1,'Roma','Via Appia Nuova, 45',30,'30.jpg',136),(31,19,2,'Villetta elegante con giardino a Milano',5,4,3,'Milano','Viale Monza, 20',170,'31.jpg',553),(32,6,1,'Appartamento vicino alla stazione a Ravenna',2,2,1,'Ravenna','Viale dei Mille, 12',60,'2.jpg',184),(33,30,4,'Attico esclusivo a Bologna',3,2,1,'Bologna','Via Ugo Bassi, 10',120,'1.jpg',338),(37,1,3,'TEST APPARTAMENTO',3,3,3,'Milano','Viale Ungheria 4',33,NULL,18),(38,1,1,'Casa mia',4,6,1,'Milano','Viale Ungheria 4',85,NULL,0),(39,1,1,'Appartamento luminoso in centro',3,2,2,'Roma','Via Roma 10',80,'2.jpg',120),(40,2,2,'Villetta con giardino privato',5,4,3,'Milano','Viale Libertà 15',180,'3.jpg',150),(41,3,3,'Monolocale moderno',1,1,1,'Napoli','Via San Giovanni 20',35,'4.jpg',80),(42,4,4,'Attico con vista panoramica',4,3,2,'Torino','Corso Vittorio 25',120,'5.jpg',200),(43,5,5,'Loft ristrutturato in zona industriale',2,2,1,'Bologna','Via delle Industrie 5',85,'6.jpg',95),(44,6,1,'Appartamento con terrazzo',3,2,1,'Firenze','Piazza Duomo 12',75,'7.jpg',90),(45,7,2,'Villetta a schiera in periferia',4,3,2,'Genova','Via Libertà 6',160,'8.jpg',110),(46,8,3,'Monolocale a pochi passi dal mare',1,1,1,'Sardegna','Lungomare 30',30,'9.jpg',60),(47,9,4,'Attico esclusivo con piscina',5,4,3,'Venezia','Piazza San Marco 22',140,'10.jpg',250),(48,10,5,'Loft in zona artistica',2,2,1,'Milano','Via Brera 18',70,'11.jpg',60),(49,11,1,'Appartamento in zona centrale',3,2,2,'Bari','Via Roma 100',85,'12.jpg',151),(50,12,2,'Villetta con ampio giardino',5,4,3,'Catania','Via Etnea 45',160,'13.jpg',130),(51,13,3,'Monolocale al piano terra',1,1,1,'Napoli','Vicoletto 3',40,'14.jpg',50),(52,14,4,'Attico in zona residenziale',4,3,2,'Roma','Via Condotti 40',130,'15.jpg',220),(53,15,5,'Loft a piano alto in palazzo storico',2,2,1,'Torino','Via Po 55',95,'16.jpg',85),(54,16,1,'Appartamento recente con balcone',3,2,1,'Milano','Corso Buenos Aires 10',80,'17.jpg',100),(55,17,2,'Villetta di nuova costruzione',4,4,3,'Pescara','Viale Regina Margherita 5',180,'18.jpg',120),(56,18,3,'Monolocale per studenti',1,1,1,'Perugia','Via San Francesco 2',30,'19.jpg',40),(57,19,4,'Attico moderno con ampie vetrate',4,3,2,'Bologna','Via Indipendenza 7',115,'20.jpg',180),(58,20,5,'Loft in stile industriale',2,2,1,'Milano','Via Tortona 17',75,'21.jpg',65),(59,21,1,'Appartamento ristrutturato',3,2,2,'Napoli','Via Toledo 60',90,'22.jpg',110),(60,22,2,'Villetta con vista mare',5,4,3,'Salerno','Via Mar Tirreno 30',170,'23.jpg',140),(61,23,3,'Monolocale in palazzo d\'epoca',1,1,1,'Firenze','Via della Scala 10',45,'24.jpg',65),(62,24,4,'Attico con terrazza e jacuzzi',4,3,3,'Milano','Piazza del Duomo 5',135,'25.jpg',250),(63,25,5,'Loft in zona centrale',2,2,1,'Roma','Via Nazionale 14',100,'26.jpg',90),(64,26,1,'Appartamento in zona tranquilla',3,2,1,'Bologna','Via Delle Belle Arti 8',70,'27.jpg',80),(65,27,2,'Villetta con giardino e garage',5,4,3,'Torino','Viale S. Mauro 15',190,'28.jpg',160),(66,28,3,'Monolocale vicino alla stazione',1,1,1,'Milano','Via Sempione 8',40,'29.jpg',50),(67,29,4,'Attico in centro città',4,3,2,'Roma','Via dei Fori Imperiali 15',140,'30.jpg',210),(68,30,5,'Loft in zona dinamica',2,2,1,'Bologna','Via San Vitale 60',110,'1.jpg',100),(69,1,1,'Appartamento elegante con balcone',3,2,2,'Torino','Via Garibaldi 22',95,'2.jpg',130),(70,2,2,'Villetta indipendente con giardino',4,3,2,'Napoli','Viale degli Aranci 18',180,'3.jpg',200),(71,3,3,'Monolocale arredato in centro',1,1,1,'Roma','Via delle Terme 8',40,'4.jpg',60),(72,4,4,'Attico con terrazza e vista città',4,3,2,'Milano','Corso Venezia 12',140,'5.jpg',210),(73,5,5,'Loft open space moderno',2,2,1,'Bologna','Via San Mamolo 25',110,'6.jpg',100),(74,6,1,'Appartamento con garage privato',3,2,2,'Venezia','Piazza del Redentore 5',100,'7.jpg',140),(75,7,2,'Villetta a schiera con cortile',4,3,3,'Genova','Via Dante 35',170,'8.jpg',160),(76,8,3,'Monolocale accogliente con angolo cottura',1,1,1,'Bologna','Via Zamboni 40',35,'9.jpg',55),(77,9,4,'Attico esclusivo con piscina',5,4,3,'Roma','Piazza della Repubblica 14',180,'10.jpg',300),(78,10,5,'Loft minimalista nel cuore di Milano',2,2,1,'Milano','Via Montenapoleone 30',90,'11.jpg',120),(79,11,1,'Appartamento luminoso con vista mare',3,2,2,'Catania','Via Etnea 80',95,'12.jpg',180),(80,12,2,'Villetta in stile moderno con giardino',5,4,3,'Firenze','Viale Michelangelo 20',200,'13.jpg',220),(81,13,3,'Monolocale con letto matrimoniale',1,1,1,'Pisa','Via Risorgimento 10',45,'14.jpg',65),(82,14,4,'Attico panoramico con grande terrazzo',4,3,3,'Torino','Corso Moncalieri 22',160,'15.jpg',250),(83,15,5,'Loft artistico in zona Brera',2,2,1,'Milano','Via Solferino 15',100,'16.jpg',90),(84,16,1,'Appartamento con doppio soggiorno',4,3,2,'Napoli','Via Toledo 25',120,'17.jpg',160),(85,17,2,'Villetta di campagna con piscina',6,5,4,'Perugia','Via delle Cascine 8',220,'18.jpg',300),(86,18,3,'Monolocale per coppie con angolo cottura',1,1,1,'Salerno','Via Trieste 12',50,'19.jpg',75),(87,19,4,'Attico in zona esclusiva con ascensore privato',4,3,3,'Milano','Piazza San Babila 11',170,'20.jpg',280),(88,20,5,'Loft con zona soppalcata e grande finestra',2,2,1,'Bologna','Via del Pratello 24',85,'21.jpg',95),(89,21,1,'Appartamento vicino a parco',3,2,2,'Cagliari','Viale Bonaria 10',85,'22.jpg',110),(90,22,2,'Villetta bifamiliare con garage doppio',5,4,3,'Roma','Via Appia Nuova 78',180,'23.jpg',190),(91,23,3,'Monolocale con ampio armadio',1,1,1,'Napoli','Via del Mare 50',38,'24.jpg',50),(92,24,4,'Attico con terrazza panoramica e vista lago',5,4,3,'Como','Lungolago 13',200,'25.jpg',319),(93,25,5,'Loft ristrutturato con ampie vetrate',2,2,1,'Torino','Via Po 29',120,'26.jpg',110),(94,26,1,'Appartamento spazioso con cucina abitabile',3,2,1,'Genova','Via XX Settembre 4',90,'27.jpg',100),(95,27,2,'Villetta con portico e giardino',4,3,2,'Venezia','Piazza San Marco 18',140,'28.jpg',150),(96,28,3,'Monolocale ristrutturato con bagno moderno',1,1,1,'Milano','Via Monte Napoleone 22',50,'29.jpg',65),(97,29,4,'Attico con vista sul centro storico',4,3,2,'Bologna','Via San Felice 10',150,'30.jpg',210),(98,30,5,'Loft in ex-fabbrica con soffitti alti',2,2,1,'Roma','Via dei Fori Imperiali 30',130,'1.jpg',105),(99,1,1,'Appartamento con vista panoramica',3,2,2,'Torino','Via Duca degli Abruzzi 3',100,'1.jpg',130),(100,2,2,'Villetta con grande giardino',5,4,3,'Milano','Via San Giovanni 12',180,'2.jpg',200),(101,3,3,'Monolocale arredato in zona universitaria',1,1,1,'Bologna','Via Zamboni 45',50,'3.jpg',70),(102,4,4,'Attico esclusivo con terrazza',4,3,2,'Firenze','Piazza della Signoria 8',150,'4.jpg',210),(103,5,5,'Loft spazioso in zona artistica',2,2,1,'Roma','Via di San Francesco 11',110,'5.jpg',120),(104,6,1,'Appartamento con terrazzo e garage',3,2,2,'Napoli','Corso Umberto 15',95,'6.jpg',140),(105,7,2,'Villetta con doppio giardino',4,3,3,'Genova','Via Verdi 30',170,'7.jpg',190),(106,8,3,'Monolocale luminoso con cucina separata',1,1,1,'Venezia','Calle dei Fabbri 20',60,'8.jpg',80),(107,9,4,'Attico con vista sul mare',5,4,3,'Napoli','Via Posillipo 10',160,'9.jpg',250),(108,10,5,'Loft moderno con ampie vetrate',2,2,1,'Milano','Via della Moscova 24',90,'10.jpg',100),(109,11,1,'Appartamento con vista giardino',3,2,2,'Bari','Via Andrea Doria 16',80,'11.jpg',120),(110,12,2,'Villetta con piscina e garage',5,4,3,'Palermo','Viale della Libertà 100',200,'12.jpg',220),(111,13,3,'Monolocale vicino alla stazione',1,1,1,'Roma','Via Termini 18',45,'13.jpg',65),(112,14,4,'Attico con ampio terrazzo e barbecue',4,3,2,'Torino','Corso Francia 4',170,'14.jpg',230),(113,15,5,'Loft in zona Navigli',2,2,1,'Milano','Via Alzaia Naviglio Grande 30',105,'15.jpg',115),(114,16,1,'Appartamento di lusso con vista città',4,3,3,'Venezia','Piazza San Marco 5',150,'16.jpg',200),(115,17,2,'Villetta in zona residenziale tranquilla',4,3,2,'Bologna','Via del Pratello 22',160,'17.jpg',180),(116,18,3,'Monolocale a pochi passi dal mare',1,1,1,'Catania','Via Mare 10',40,'18.jpg',60),(117,19,4,'Attico panoramico con vasca idromassaggio',5,4,4,'Roma','Via del Corso 20',180,'19.jpg',270),(118,20,5,'Loft in zona Porta Romana',2,2,1,'Milano','Viale Montenero 50',80,'20.jpg',90),(119,21,1,'Appartamento moderno con parquet',3,2,1,'Cagliari','Via Dante 70',85,'21.jpg',110),(120,22,2,'Villetta con ampio cortile',5,4,3,'Perugia','Strada Statale 3',200,'22.jpg',210),(121,23,3,'Monolocale ristrutturato con arredamento nuovo',1,1,1,'Firenze','Via della Condotta 30',55,'23.jpg',75),(122,24,4,'Attico esclusivo con terrazza panoramica',5,4,3,'Milano','Piazza Duomo 8',200,'24.jpg',300),(123,25,5,'Loft spazioso con angolo cottura',2,2,1,'Torino','Corso Re Umberto 12',120,'25.jpg',110),(124,26,1,'Appartamento in zona centralissima',3,2,2,'Roma','Via del Tritone 15',100,'26.jpg',130),(125,27,2,'Villetta con veranda e giardino',4,3,3,'Genova','Via Colombo 9',160,'27.jpg',180),(126,28,3,'Monolocale con vista sul parco',1,1,1,'Salerno','Viale G. Mazzini 10',60,'28.jpg',80),(127,29,4,'Attico con jacuzzi e piscina',4,3,2,'Milano','Via Montenapoleone 17',180,'29.jpg',250),(128,30,5,'Loft con soppalco e finestre panoramiche',2,2,1,'Torino','Via San Francesco 18',115,'30.jpg',125),(209,1,1,'Appartamento con vista sul parco',3,2,2,'Milano','Via Porta Romana 25',85,'1.jpg',110),(210,2,2,'Villetta con ampio giardino e piscina',5,4,3,'Roma','Viale del Policlinico 34',200,'2.jpg',220),(211,3,3,'Monolocale moderno con angolo cottura',1,1,1,'Napoli','Via Santa Lucia 7',45,'3.jpg',89),(212,4,4,'Attico con terrazza e vista sul mare',4,3,2,'Genova','Corso Italia 15',160,'4.jpg',233),(213,5,5,'Loft in zona centrale con soffitti alti',2,2,1,'Bologna','Via San Vitale 55',110,'5.jpg',120),(214,6,1,'Appartamento spazioso con doppio soggiorno',4,3,2,'Torino','Via Roma 20',130,'6.jpg',160),(215,7,2,'Villetta a schiera con garage e giardino',4,3,2,'Milano','Via Giulio Cesare 11',160,'7.jpg',180),(216,8,3,'Monolocale arredato con bagno privato',1,1,1,'Venezia','Via San Marco 32',40,'8.jpg',55),(217,9,4,'Attico con vista su tutta la città',5,4,3,'Napoli','Via Posillipo 30',180,'9.jpg',250),(218,10,5,'Loft artistico con pareti di mattoni a vista',2,2,1,'Roma','Via Monti 22',95,'10.jpg',100),(219,11,1,'Appartamento ristrutturato con garage',3,2,2,'Bari','Via Dante 19',100,'11.jpg',130),(220,12,2,'Villetta in stile moderno con giardino',5,4,3,'Firenze','Piazza San Giovanni 5',210,'12.jpg',230),(221,13,3,'Monolocale in zona universitaria',1,1,1,'Bologna','Via Zamboni 40',45,'13.jpg',60),(222,14,4,'Attico elegante con vista su Venezia',4,3,3,'Venezia','Piazza San Marco 5',170,'14.jpg',220),(223,15,5,'Loft moderno con terrazzo privato',2,2,1,'Milano','Via della Moscova 8',105,'15.jpg',115),(224,16,1,'Appartamento di lusso con vista panoramica',3,2,2,'Roma','Piazza del Popolo 12',140,'16.jpg',180),(225,17,2,'Villetta con giardino e piscina privata',6,5,4,'Perugia','Viale Giacomo Leopardi 21',250,'17.jpg',300),(226,18,3,'Monolocale con angolo cottura e bagno moderno',1,1,1,'Milano','Corso Buenos Aires 50',50,'18.jpg',70),(227,19,4,'Attico con piscina e vista sul lago',5,4,3,'Como','Lungolago 5',190,'19.jpg',280),(228,20,5,'Loft in zona Tortona con open space',2,2,1,'Milano','Via Tortona 28',120,'20.jpg',130),(229,21,1,'Appartamento in zona residenziale tranquilla',3,2,2,'Cagliari','Via Dante 70',115,'21.jpg',140),(230,22,2,'Villetta con veranda e giardino curato',4,3,3,'Salerno','Via Cilento 18',160,'22.jpg',190),(231,23,3,'Monolocale moderno e ben arredato',1,1,1,'Torino','Via Po 18',45,'23.jpg',60),(232,24,4,'Attico esclusivo con terrazza panoramica',4,3,2,'Milano','Via Montenapoleone 15',175,'24.jpg',230),(233,25,5,'Loft con soppalco e vista sulla città',2,2,1,'Roma','Via della Conciliazione 7',120,'25.jpg',125),(234,26,1,'Appartamento in zona centrale con balcone',3,2,2,'Bologna','Piazza Maggiore 11',95,'26.jpg',130),(235,27,2,'Villetta bifamiliare con garage doppio',5,4,3,'Pescara','Viale Marconi 9',180,'27.jpg',220),(236,28,3,'Monolocale in centro con bagno e cucina',1,1,1,'Firenze','Piazza Santa Croce 21',35,'28.jpg',50),(237,29,4,'Attico con ampio terrazzo e barbecue',5,4,3,'Torino','Corso Moncalieri 12',190,'29.jpg',260),(238,11,5,'Loft open space con cucina a vista',2,2,1,'Genova','Via XX Settembre 40',100,'30.jpg',110),(239,10,1,'Appartamento luminoso con grande salone',4,3,2,'Verona','Corso Porta Nuova 10',120,'1.jpg',150),(240,9,2,'Villetta in zona collinare con vista panoramica',5,4,3,'Perugia','Viale Umbria 7',210,'3.jpg',240),(241,8,3,'Monolocale con soppalco e cucina completa',1,1,1,'Catania','Via Etnea 60',55,'3.jpg',80),(242,7,4,'Attico con piscina privata e terrazzo',4,3,3,'Roma','Via Condotti 22',180,'4.jpg',270),(243,6,5,'Loft moderno con ingresso indipendente',2,2,1,'Milano','Via San Gregorio 10',110,'5.jpg',120),(244,5,1,'Appartamento in edificio storico',3,2,2,'Napoli','Via dei Tribunali 25',100,'6.jpg',130),(245,4,2,'Villetta con ampio cortile e giardino',5,4,4,'Bologna','Via Delle Belle Arti 10',210,'7.jpg',230),(246,3,3,'Monolocale in palazzo d\'epoca',1,1,1,'Roma','Via Veneto 12',45,'8.jpg',60),(247,2,4,'Attico con vista panoramica su tutta Roma',5,4,3,'Roma','Piazza Navona 16',210,'9.jpg',300),(248,1,5,'Loft elegante con finiture di pregio',2,2,1,'Milano','Via della Spiga 18',115,'1.jpg',125);
/*!40000 ALTER TABLE `immobili` ENABLE KEYS */;
UNLOCK TABLES;

--
-- Table structure for table `proprietari`
--

DROP TABLE IF EXISTS `proprietari`;
/*!40101 SET @saved_cs_client     = @@character_set_client */;
/*!50503 SET character_set_client = utf8mb4 */;
CREATE TABLE `proprietari` (
  `id` int unsigned NOT NULL AUTO_INCREMENT,
  `email` varchar(320) NOT NULL,
  `telefono` int unsigned NOT NULL,
  `nome` varchar(60) NOT NULL,
  `cognome` varchar(60) NOT NULL,
  PRIMARY KEY (`id`),
  UNIQUE KEY `email_UNIQUE` (`email`),
  UNIQUE KEY `telefono_UNIQUE` (`telefono`)
) ENGINE=InnoDB AUTO_INCREMENT=31 DEFAULT CHARSET=utf8mb4 COLLATE=utf8mb4_0900_ai_ci;
/*!40101 SET character_set_client = @saved_cs_client */;

--
-- Dumping data for table `proprietari`
--

LOCK TABLES `proprietari` WRITE;
/*!40000 ALTER TABLE `proprietari` DISABLE KEYS */;
INSERT INTO `proprietari` VALUES (1,'piergiorgio.errigo@tiscali.it',3137500944,'Piergiorgio','Errigo'),(2,'ilaria.combi@gmail.com',3073300787,'Ilaria','Combi'),(3,'armando.bembo@gmail.com',3810736819,'Armando','Bembo'),(4,'martino.rossini@poste.it',3318952555,'Martino','Rossini'),(5,'rembrandt.bertoli@fastwebnet.it',3050159761,'Rembrandt','Bertoli'),(6,'lorenzo.doglioni@libero.it',3214839309,'Lorenzo','Doglioni'),(7,'paolo.branciforte@tele2.it',3689567053,'Paolo','Branciforte'),(8,'elisa.buscetta@outlook.com',3058265516,'Elisa','Buscetta'),(9,'orazio.bocelli@outlook.com',3924902210,'Orazio','Bocelli'),(10,'giorgia.cibin@tiscali.it',3408979446,'Giorgia','Cibin'),(11,'alphons.finotto@tim.it',3975990991,'Alphons','Finotto'),(12,'bettina.cusano@libero.it',3020945934,'Bettina','Cusano'),(13,'daniele.babati@poste.it',3498962992,'Daniele','Babati'),(14,'milena.marcacci@tele2.it',3655251695,'Milena','Marcacci'),(15,'lando.salata@libero.it',3372094446,'Lando','Salata'),(16,'ramona.pausini@gmail.com',3353880885,'Ramona','Pausini'),(17,'piero.majorana@yahoo.com',3640115741,'Piero','Majorana'),(18,'patrizia.bondumier@vodafone.it',3954873249,'Patrizia','Bondumier'),(19,'gianmarco.sagredo@tele2.it',3117417363,'Gianmarco','Sagredo'),(20,'maria.nadi@gmail.com',3160867505,'Maria','Nadi'),(21,'azeglio.folliero@gmail.com',3540817848,'Azeglio','Folliero'),(22,'giulio.badoglio@hotmail.com',3848142472,'Giulio','Badoglio'),(23,'stefania.zampa@tim.it',3582610142,'Stefania','Zampa'),(24,'lucio.maderno@fastwebnet.it',3429022295,'Lucio','Maderno'),(25,'piero.petrocelli@fastwebnet.it',3773782860,'Piero','Petrocelli'),(26,'giulia.terragni@gmail.com',3241916284,'Giulia','Terragni'),(27,'panfilo.nicolini@tin.it',3430263305,'Panfilo','Nicolini'),(28,'fortunata.iannucci@libero.it',3905704657,'Fortunata','Iannucci'),(29,'sebastiano.tognazzi@libero.it',3996134233,'Sebastiano','Tognazzi'),(30,'benvenuto.vendetti@hotmail.it',3460073261,'Benvenuto','Vendetti');
/*!40000 ALTER TABLE `proprietari` ENABLE KEYS */;
UNLOCK TABLES;

--
-- Table structure for table `recensioni`
--

DROP TABLE IF EXISTS `recensioni`;
/*!40101 SET @saved_cs_client     = @@character_set_client */;
/*!50503 SET character_set_client = utf8mb4 */;
CREATE TABLE `recensioni` (
  `id` int unsigned NOT NULL AUTO_INCREMENT,
  `id_immobile` int unsigned NOT NULL,
  `nome` varchar(45) NOT NULL,
  `titolo` varchar(60) NOT NULL,
  `testo` text NOT NULL,
  `voto` tinyint unsigned NOT NULL,
  `num_giorni_di_permanenza` tinyint unsigned NOT NULL,
  `creata_il` timestamp NOT NULL DEFAULT CURRENT_TIMESTAMP,
  PRIMARY KEY (`id`),
  UNIQUE KEY `id_UNIQUE` (`id`),
  KEY `id_utente_idx` (`nome`),
  KEY `id_immobile` (`id_immobile`),
  CONSTRAINT `id_immobile` FOREIGN KEY (`id_immobile`) REFERENCES `immobili` (`id`) ON UPDATE CASCADE
) ENGINE=InnoDB AUTO_INCREMENT=893 DEFAULT CHARSET=utf8mb4 COLLATE=utf8mb4_0900_ai_ci;
/*!40101 SET character_set_client = @saved_cs_client */;

--
-- Dumping data for table `recensioni`
--

LOCK TABLES `recensioni` WRITE;
/*!40000 ALTER TABLE `recensioni` DISABLE KEYS */;
INSERT INTO `recensioni` VALUES (76,1,'Jonny','Ottimo soggiorno','L\'immobile era molto accogliente e ben posizionato. Consigliato!',5,7,'2025-01-21 15:50:24'),(77,1,'Alessandro','Bella esperienza','La casa era pulita e confortevole, ma un po\' lontana dal centro.',4,5,'2025-01-21 15:50:24'),(78,1,'Camillo','Deluso','L\'immobile non era come mi aspettavo, alcuni servizi non funzionavano.',2,3,'2025-01-21 15:50:24'),(79,1,'Mattia','Soggiorno tranquillo','Posto tranquillo, ottima per una fuga dalla città. Un po\' isolato però.',4,6,'2025-01-21 15:50:24'),(80,1,'Brigitte','Molto buono','Esperienza molto positiva, la casa aveva tutto il necessario per un soggiorno comodo.',5,4,'2025-01-21 15:50:24'),(81,2,'Simone','Eccellente!','Tutto perfetto, non c\'è altro da aggiungere.',5,8,'2025-01-21 15:50:24'),(82,2,'Paolo','Accogliente e funzionale','L\'immobile è ben attrezzato e con una buona posizione.',4,6,'2025-01-21 15:50:24'),(83,2,'Gianni','Un po\' costoso','Il soggiorno è stato bello, ma un po\' caro rispetto ad altre opzioni nella zona.',3,5,'2025-01-21 15:50:24'),(84,2,'Mauro','Soggiorno lungo','Ho soggiornato qui per più di una settimana, molto soddisfatto della comodità.',4,9,'2025-01-21 15:50:24'),(85,2,'Riccardo','Non tornerei','La casa non rispecchiava le foto online e alcuni dettagli erano mancanti.',2,4,'2025-01-21 15:50:24'),(86,3,'Loretta','Perfetto per una famiglia','Adatto per una famiglia con bambini, spazi ampi e ben organizzati.',5,7,'2025-01-21 15:50:24'),(87,3,'Sandra','Piacevole','Molto comodo e ben arredato, ma la cucina poteva essere meglio attrezzata.',4,5,'2025-01-21 15:50:24'),(88,3,'Claudia','Soggiorno di qualità','Abbiamo apprezzato la posizione e la qualità dei servizi.',5,6,'2025-01-21 15:50:24'),(89,3,'Rossella','Non male','Nel complesso positivo, ma c\'era un po\' troppo rumore durante la notte.',3,4,'2025-01-21 15:50:24'),(90,3,'Maurizio','Soddisfacente','Un buon soggiorno, anche se la pulizia non era impeccabile.',3,5,'2025-01-21 15:50:24'),(91,4,'Aurelio','Posizione ideale','Comoda per raggiungere il centro e i servizi principali.',5,6,'2025-01-21 15:50:24'),(92,4,'Plutenzio','Nessun problema','Soggiorno senza particolari problemi, ma niente di eccezionale.',3,4,'2025-01-21 15:50:24'),(93,4,'Blauer','Splendido soggiorno','Posto incantevole, davvero una bella esperienza.',5,5,'2025-01-21 15:50:24'),(94,4,'Graham','Voto positivo','Molto buono ma mancano alcune comodità.',4,6,'2025-01-21 15:50:24'),(95,4,'Mattia','Da migliorare','Servizi non all\'altezza delle aspettative, un po\' sotto la media.',2,4,'2025-01-21 15:50:24'),(96,5,'Giorgio','Super consigliato!','Tutto perfetto, casa bellissima e comoda. Voto 5/5.',5,7,'2025-01-21 15:50:24'),(97,5,'Fabio','Soggiorno ideale','Posizione tranquilla e servizi ottimi.',5,5,'2025-01-21 15:50:24'),(98,5,'Fabiana','Poca pulizia','Mi aspettavo di più in termini di pulizia, ma per il resto ok.',3,5,'2025-01-21 15:50:24'),(99,5,'Lutezia','Ritorneremo!','Abbiamo apprezzato la nostra permanenza, ottimo per famiglie.',4,6,'2025-01-21 15:50:24'),(100,5,'Gloria','Ottimo rapporto qualità-prezzo','Buona sistemazione, nonostante alcuni piccoli difetti.',4,4,'2025-01-21 15:50:24'),(101,6,'Giovanni','Perfetto per un weekend','Comodo per un breve soggiorno, arredamento moderno e accogliente.',5,3,'2025-01-21 15:50:24'),(102,6,'Gulia','Troppo lontano dal mare','La casa è carina, ma troppo distante dalla spiaggia.',3,5,'2025-01-21 15:50:24'),(103,6,'Carla','Comodo ma da migliorare','In generale positivo, ma i letti non erano molto comodi.',4,6,'2025-01-21 15:50:24'),(104,6,'Tigullio','Casa accogliente','Molto confortevole e ben attrezzata, ci tornerò sicuramente.',5,7,'2025-01-21 15:50:24'),(105,6,'Bronson','Discreta','Buona posizione ma l\'immobile necessitava di qualche manutenzione.',3,4,'2025-01-21 15:50:24'),(111,8,'Simone','In generale buono','Tutto positivo, ma ci sono piccole cose da migliorare.',4,6,'2025-01-21 15:50:24'),(113,8,'Gianni','Perfetto!','Tutto andato benissimo, mi sono divertito molto.',5,7,'2025-01-21 15:50:24'),(114,8,'Mauro','Accogliente','L\'immobile era molto confortevole e adatto alla mia famiglia.',5,6,'2025-01-21 15:50:24'),(115,8,'Riccardo','Soggiorno piacevole','Soggiorno confortevole, ma non eccezionale.',4,5,'2025-01-21 15:50:24'),(116,9,'Loretta','Ottimo soggiorno','Perfetto per una famiglia, spazi ampi e ben arredati.',5,6,'2025-01-21 15:50:24'),(117,9,'Sandra','Ritorneremo sicuramente','Casa molto ben posizionata, vicina a tutto. Ci siamo trovati benissimo.',5,7,'2025-01-21 15:50:24'),(118,9,'Claudia','Soggiorno ok','Nessun problema, ma niente di eccezionale.',4,5,'2025-01-21 15:50:24'),(119,9,'Rossella','Soggiorno ok','Un po\' piccolo, ma nel complesso confortevole.',4,4,'2025-01-21 15:50:24'),(120,9,'Maurizio','Non troppo soddisfatto','Servizi limitati rispetto ad altre strutture nella stessa zona.',3,4,'2025-01-21 15:50:24'),(121,10,'Aurelio','Molto comodo','Comodo, ben posizionato e arredato. Voto positivo.',4,5,'2025-01-21 15:50:24'),(122,10,'Plutenzio','Soggiorno breve','Soggiorno positivo, ma la casa necessitava di un po\' di manutenzione.',3,4,'2025-01-21 15:50:24'),(123,10,'Blauer','Molto buono','Ottimo rapporto qualità-prezzo, molto ben arredato.',5,6,'2025-01-21 15:50:24'),(124,10,'Graham','Ottimo soggiorno','Soggiorno perfetto, ci torneremo sicuramente.',5,7,'2025-01-21 15:50:24'),(125,10,'Mattia','Un po\' deluso','Non rispecchiava completamente le foto e qualche servizio mancava.',3,5,'2025-01-21 15:50:24'),(126,11,'Giorgio','Esperienza bellissima','Abbiamo trascorso una settimana fantastica, casa molto accogliente.',5,7,'2025-01-21 15:50:24'),(127,11,'Fabio','Tutto ok','Soggiorno senza problemi, ma niente di speciale.',4,5,'2025-01-21 15:50:24'),(128,11,'Fabiana','Ottima posizione','La casa era ben posizionata, vicino ai servizi.',5,6,'2025-01-21 15:50:24'),(129,11,'Lutezia','Un po\' troppo costoso','La casa è buona, ma il prezzo potrebbe essere più basso per quello che offre.',3,5,'2025-01-21 15:50:24'),(130,11,'Gloria','Soggiorno piacevole','Un posto carino e tranquillo, consigliato.',4,6,'2025-01-21 15:50:24'),(131,12,'Giovanni','Accogliente e pulita','La casa è molto pulita e ben curata, ideale per una vacanza in famiglia.',5,6,'2025-01-21 15:50:24'),(132,12,'Gulia','Un po\' rumoroso','La zona è un po\' rumorosa, ma la casa è comunque comoda e ben attrezzata.',4,5,'2025-01-21 15:50:24'),(133,12,'Carla','Perfetto per coppie','Molto intima, ideale per una coppia. Ci tornerò sicuramente.',5,4,'2025-01-21 15:50:24'),(134,12,'Tigullio','Poca privacy','La casa è un po\' troppo vicina ad altre strutture, non offre molta privacy.',3,5,'2025-01-21 15:50:24'),(135,12,'Bronson','Molto buona','Un soggiorno positivo, ma alcuni dettagli potrebbero essere migliorati.',4,6,'2025-01-21 15:50:24'),(136,13,'Jonny','Soggiorno tranquillo','Posto tranquillo, perfetto per rilassarsi, ma un po\' lontano dal centro.',4,7,'2025-01-21 15:50:24'),(137,13,'Alessandro','Molto confortevole','La casa è ben arredata e comoda, ottima per una famiglia.',5,6,'2025-01-21 15:50:24'),(138,13,'Camillo','Non male','La casa era carina, ma alcuni dettagli potevano essere migliori.',3,5,'2025-01-21 15:50:24'),(139,13,'Mattia','Ottima posizione','Vicino a molti punti d\'interesse, facilmente raggiungibile.',5,6,'2025-01-21 15:50:24'),(140,13,'Brigitte','Buona ma con difetti','Nel complesso buona, ma il bagno aveva dei problemi con l\'acqua calda.',3,5,'2025-01-21 15:50:24'),(141,14,'Simone','Super consigliato!','Ottima esperienza, la casa è bellissima e ben posizionata.',5,7,'2025-01-21 15:50:24'),(142,14,'Paolo','Accogliente','Molto accogliente e ben posizionata, vicino ai ristoranti e negozi.',5,5,'2025-01-21 15:50:24'),(143,14,'Gianni','Non adatta a gruppi','La casa è troppo piccola per un gruppo numeroso, ma perfetta per due persone.',3,4,'2025-01-21 15:50:24'),(144,14,'Mauro','Carina ma un po\' isolata','La casa è carina, ma un po\' isolata, senza molta vita nelle vicinanze.',4,5,'2025-01-21 15:50:24'),(145,14,'Riccardo','Migliorabile','La casa ha bisogno di alcune migliorie, ma nel complesso è ok.',3,4,'2025-01-21 15:50:24'),(146,15,'Loretta','Buona scelta','Casa spaziosa, ben arredata e ben posizionata, ci siamo trovati molto bene.',5,6,'2025-01-21 15:50:24'),(147,15,'Sandra','Comodo e ben posizionato','Soggiorno molto comodo, ben posizionato, ma un po\' caro.',4,5,'2025-01-21 15:50:24'),(148,15,'Claudia','Adatto per famiglie','Perfetta per una vacanza in famiglia, con spazi ampi e ben organizzati.',5,7,'2025-01-21 15:50:24'),(149,15,'Rossella','Soggiorno tranquillo','Posizione tranquilla, casa pulita, ma un po\' lontana da tutto.',4,6,'2025-01-21 15:50:24'),(150,15,'Maurizio','Soddisfacente','Tutto ok, ma alcuni dettagli non erano come descritti.',3,5,'2025-01-21 15:50:24'),(151,16,'Aurelio','Ottima vacanza','L\'immobile è ben posizionato, tranquillo e ben arredato.',5,6,'2025-01-21 15:53:14'),(152,16,'Plutenzio','Perfetto per famiglie','Adatto per famiglie con bambini, molto comodo e sicuro.',5,7,'2025-01-21 15:53:14'),(153,16,'Blauer','Accogliente','Un soggiorno molto piacevole, ma la cucina potrebbe essere migliorata.',4,5,'2025-01-21 15:53:14'),(154,16,'Graham','Niente di speciale','Soggiorno nella media, ma alcuni dettagli non mi hanno soddisfatto.',3,4,'2025-01-21 15:53:14'),(155,16,'Mattia','Buon rapporto qualità-prezzo','Ottimo rapporto qualità-prezzo, ma manca qualche comodità.',4,5,'2025-01-21 15:53:14'),(156,17,'Giorgio','Molto soddisfatti','Casa spaziosa e ben posizionata, ci siamo trovati benissimo.',5,6,'2025-01-21 15:53:14'),(157,17,'Fabio','Ritorneremo','Posto tranquillo e accogliente, consigliato per famiglie.',5,7,'2025-01-21 15:53:14'),(158,17,'Fabiana','Buona sistemazione','Posizione ottima, ma un po\' lontano dalla spiaggia.',4,6,'2025-01-21 15:53:14'),(159,17,'Lutezia','Piccole cose da migliorare','Qualche dettaglio potrebbe essere sistemato, ma nel complesso accettabile.',3,4,'2025-01-21 15:53:14'),(160,17,'Gloria','Soggiorno ok','Posizione buona, ma i letti non erano molto comodi.',3,5,'2025-01-21 15:53:14'),(161,18,'Giovanni','Ottima esperienza','Casa davvero bella, comoda e vicina ai principali servizi.',5,6,'2025-01-21 15:53:14'),(162,18,'Gulia','Comodo e pratico','Casa semplice ma ben attrezzata, ottima per una vacanza breve.',4,5,'2025-01-21 15:53:14'),(163,18,'Carla','Non soddisfatto','Molti dettagli non corrispondevano alle aspettative.',2,4,'2025-01-21 15:53:14'),(164,18,'Tigullio','Vicinanza perfetta','La posizione era perfetta, ma la casa necessitava di manutenzione.',4,5,'2025-01-21 15:53:14'),(165,18,'Bronson','Un po\' deluso','La casa era piccola e non c\'era molta privacy.',3,4,'2025-01-21 15:53:14'),(166,19,'Jonny','Splendida vista','La vista era splendida, la casa molto accogliente e ben arredata.',5,7,'2025-01-21 15:53:14'),(167,19,'Alessandro','Ottima posizione','Posizione eccellente, ma la casa non aveva tutti i comfort che speravamo.',4,5,'2025-01-21 15:53:14'),(168,19,'Camillo','Da migliorare','I bagni e la cucina necessitano di una ristrutturazione.',3,4,'2025-01-21 15:53:14'),(169,19,'Mattia','Piacevole','Soggiorno tranquillo, ma la pulizia non era perfetta.',4,6,'2025-01-21 15:53:14'),(170,19,'Brigitte','Carina ma piccola','La casa è carina, ma troppo piccola per il numero di persone.',3,5,'2025-01-21 15:53:14'),(171,20,'Simone','Fantastico','Tutto perfetto, molto confortevole e ben posizionato.',5,6,'2025-01-21 15:53:14'),(172,20,'Paolo','Soggiorno tranquillo','Il soggiorno è stato positivo, ma la posizione era un po\' isolata.',4,5,'2025-01-21 15:53:14'),(173,20,'Gianni','Tutto ok','La casa era accogliente, ma mancava qualche servizio.',3,4,'2025-01-21 15:53:14'),(174,20,'Mauro','Ottima vacanza','Posizione ideale, casa confortevole, ci siamo trovati benissimo.',5,7,'2025-01-21 15:53:14'),(175,20,'Riccardo','Da migliorare','Alcuni servizi non erano come descritti, ma nel complesso accettabile.',3,5,'2025-01-21 15:53:14'),(176,21,'Loretta','Molto soddisfatti','Casa bella e accogliente, perfetta per una vacanza tranquilla.',5,6,'2025-01-21 15:53:14'),(177,21,'Sandra','Casa funzionale','L\'immobile è stato molto comodo, ma alcuni servizi erano scarsi.',4,5,'2025-01-21 15:53:14'),(178,21,'Claudia','Non come nelle foto','La casa era diversa dalle immagini, ma comunque ok per il soggiorno.',3,4,'2025-01-21 15:53:14'),(179,21,'Rossella','Posizione ideale','Casa ben posizionata, vicino a tutti i punti d\'interesse.',5,6,'2025-01-21 15:53:14'),(180,21,'Maurizio','Soggiorno ok','Nessun problema particolare, ma il letto matrimoniale non era molto comodo.',3,5,'2025-01-21 15:53:14'),(181,22,'Aurelio','Casa incantevole','Veramente molto bella, ben attrezzata e ben posizionata.',5,6,'2025-01-21 15:53:14'),(182,22,'Plutenzio','Molto confortevole','La casa è stata un ottimo punto di partenza per visitare la zona.',5,7,'2025-01-21 15:53:14'),(183,22,'Blauer','Soggiorno positivo','Esperienza positiva, ma c\'era un po\' di rumore la sera.',4,5,'2025-01-21 15:53:14'),(184,22,'Graham','Piacevole ma con qualche difetto','La casa era carina, ma i bagni necessitano di una ristrutturazione.',3,5,'2025-01-21 15:53:14'),(185,22,'Mattia','Posizione ottima','La posizione è perfetta, ma la casa non aveva abbastanza comodità.',4,6,'2025-01-21 15:53:14'),(186,23,'Giorgio','Eccellente','Non potevamo chiedere di meglio, la casa è bellissima e ben posizionata.',5,7,'2025-01-21 15:53:14'),(187,23,'Fabio','Accogliente e comoda','Ottima per una vacanza rilassante, vicina ai negozi e ristoranti.',5,6,'2025-01-21 15:53:14'),(188,23,'Fabiana','Buona esperienza','Nel complesso buona, ma mancavano alcuni dettagli nelle attrezzature.',4,5,'2025-01-21 15:53:14'),(189,23,'Lutezia','Vicinanza perfetta','Posizione fantastica, ma la casa è un po\' datata.',3,5,'2025-01-21 15:53:14'),(190,23,'Gloria','Discreto','Soggiorno discreto, ma alcuni aspetti dell\'immobile andrebbero migliorati.',3,4,'2025-01-21 15:53:14'),(191,24,'Giovanni','Vacanza da sogno','Casa bellissima e ben posizionata, ci siamo trovati benissimo.',5,7,'2025-01-21 15:53:14'),(192,24,'Gulia','Soggiorno tranquillo','Il soggiorno è stato piacevole, ma la posizione era un po\' isolata.',4,6,'2025-01-21 15:53:14'),(193,24,'Carla','Posizione eccellente','Casa ben posizionata, ma la pulizia non era perfetta.',4,5,'2025-01-21 15:53:14'),(194,24,'Tigullio','Ritorneremo','Un luogo davvero carino, perfetto per una vacanza rilassante.',5,6,'2025-01-21 15:53:14'),(195,24,'Bronson','Poco accogliente','Non ci è piaciuta la disposizione degli spazi, ma nel complesso accettabile.',3,5,'2025-01-21 15:53:14'),(196,25,'Jonny','Soggiorno piacevole','Casa ben attrezzata e tranquilla, un posto ideale per rilassarsi.',5,6,'2025-01-21 15:53:14'),(197,25,'Alessandro','Accogliente','Molto carina e ben posizionata, ottima per una coppia.',5,5,'2025-01-21 15:53:14'),(198,25,'Camillo','Tutto ok','Molto funzionale, ma c\'era un po\' di polvere sui mobili.',3,4,'2025-01-21 15:53:14'),(199,25,'Mattia','Non soddisfatto','La casa non rispecchiava le foto e mancavano alcuni comfort.',2,4,'2025-01-21 15:53:14'),(200,25,'Brigitte','Buon soggiorno','Nel complesso buono, ma un po\' lontano dai punti principali di interesse.',4,5,'2025-01-21 15:53:14'),(201,26,'Simone','Posizione ideale','Vicino a tutti i principali punti di interesse, molto conveniente.',5,6,'2025-01-21 15:53:14'),(202,26,'Paolo','Buona esperienza','La casa era carina e comoda, ma i servizi lasciavano a desiderare.',4,5,'2025-01-21 15:53:14'),(203,26,'Gianni','Molto bello','La casa è davvero bella e comoda, anche se un po\' piccola per più persone.',4,5,'2025-01-21 15:53:14'),(204,26,'Mauro','Soggiorno tranquillo','Ottima sistemazione, ma la zona non era molto vivace.',4,6,'2025-01-21 15:53:14'),(205,26,'Riccardo','Un po\' caro','Il prezzo era un po\' elevato per la qualità dell\'immobile.',3,4,'2025-01-21 15:53:14'),(206,27,'Loretta','Comodo e ben arredato','Posizione fantastica, comoda per raggiungere il centro.',5,7,'2025-01-21 15:53:14'),(207,27,'Sandra','Buona sistemazione','Nel complesso buona, ma la casa non era abbastanza pulita.',3,5,'2025-01-21 15:53:14'),(208,27,'Claudia','Soggiorno positivo','Soggiorno piacevole, ma manca qualche dettaglio nei comfort.',4,5,'2025-01-21 15:53:14'),(209,27,'Rossella','Discreto','Tutto ok, ma alcuni servizi mancavano.',3,4,'2025-01-21 15:53:14'),(210,27,'Maurizio','Soggiorno rilassante','Posto tranquillo, ben arredato e molto accogliente.',5,6,'2025-01-21 15:53:14'),(211,28,'Aurelio','Splendida casa','La casa è veramente bella, ben attrezzata e perfetta per una vacanza in famiglia.',5,7,'2025-01-21 15:53:14'),(212,28,'Plutenzio','Ottima posizione','Casa molto ben posizionata, ma un po\' rumorosa la sera.',4,5,'2025-01-21 15:53:14'),(213,28,'Blauer','Soggiorno positivo','Posto tranquillo, ma avrei voluto più spazio per il soggiorno.',4,5,'2025-01-21 15:53:14'),(214,28,'Graham','Soddisfacente','La casa è buona, ma c\'era qualche problema di manutenzione.',3,4,'2025-01-21 15:53:14'),(215,28,'Mattia','Perfetto per coppie','Molto accogliente e perfetta per una coppia in cerca di tranquillità.',5,5,'2025-01-21 15:53:14'),(216,29,'Giorgio','Buona sistemazione','La casa era comoda e ben posizionata, ma c\'era poca privacy.',4,5,'2025-01-21 15:53:14'),(217,29,'Fabio','Molto comodo','Soggiorno molto positivo, ottimo per famiglie.',5,6,'2025-01-21 15:53:14'),(218,29,'Fabiana','Non male','Il soggiorno è stato discreto, ma c\'erano alcuni problemi con l\'acqua calda.',3,4,'2025-01-21 15:53:14'),(219,29,'Lutezia','Carino ma piccolo','L\'immobile è carino, ma troppo piccolo per il numero di persone.',3,5,'2025-01-21 15:53:14'),(220,29,'Gloria','Posizione eccellente','Posizione perfetta, vicino a tutto, ma qualche dettaglio da sistemare.',4,5,'2025-01-21 15:53:14'),(221,30,'Giovanni','Ritorneremo sicuramente','Casa bellissima, molto comoda e ben posizionata.',5,6,'2025-01-21 15:53:14'),(222,30,'Gulia','Molto soddisfatti','Ottimo soggiorno, la casa era perfetta per le nostre esigenze.',5,7,'2025-01-21 15:53:14'),(223,30,'Carla','Piccola ma funzionale','La casa è piccola, ma ben attrezzata e funzionale.',4,5,'2025-01-21 15:53:14'),(224,30,'Tigullio','Soggiorno positivo','Nel complesso positivo, ma ci aspettavamo qualcosa in più.',3,4,'2025-01-21 15:53:14'),(225,30,'Bronson','Accogliente e ben posizionata','Molto accogliente, vicino a negozi e ristoranti.',5,5,'2025-01-21 15:53:14'),(226,31,'Jonny','Posto tranquillo','Casa bella e ben posizionata, ideale per una vacanza rilassante.',5,6,'2025-01-21 15:53:14'),(227,31,'Alessandro','Soggiorno ok','La casa era carina, ma mancavano alcuni dettagli nella cucina.',4,5,'2025-01-21 15:53:14'),(228,31,'Camillo','Accogliente','Molto carina e ben attrezzata, ma un po\' lontana dalle principali attrazioni turistiche.',4,6,'2025-01-21 15:53:14'),(229,31,'Mattia','Non soddisfatti','La casa non corrispondeva alle aspettative, alcuni dettagli da migliorare.',2,4,'2025-01-21 15:53:14'),(230,31,'Brigitte','Posizione ideale','Posizione ottima, ma la casa non era ben mantenuta.',3,5,'2025-01-21 15:53:14'),(231,32,'Simone','Un soggiorno fantastico','La casa è bellissima e ben attrezzata, ideale per famiglie.',5,6,'2025-01-21 15:53:14'),(232,32,'Paolo','Piacevole','Soggiorno tranquillo e piacevole, ma la zona era un po\' isolata.',4,5,'2025-01-21 15:53:14'),(233,32,'Gianni','Molto confortevole','La casa è confortevole, ma alcuni aspetti andrebbero migliorati.',4,6,'2025-01-21 15:53:14'),(234,32,'Mauro','Un po\' delusi','La casa è un po\' più piccola di quanto ci aspettassimo.',3,4,'2025-01-21 15:53:14'),(235,32,'Riccardo','Ottima sistemazione','Posizione eccellente e ben attrezzata, ci siamo trovati bene.',5,5,'2025-01-21 15:53:14'),(236,33,'Loretta','Perfetta per la famiglia','Spaziosa e ben organizzata, ottima per una vacanza in famiglia.',5,7,'2025-01-21 15:53:14'),(237,33,'Sandra','Un po\' troppo piccola','La casa era carina, ma troppo piccola per il numero di persone.',3,4,'2025-01-21 15:53:14'),(238,33,'Claudia','Soggiorno ok','Soggiorno tranquillo e piacevole, ma qualche dettaglio da migliorare.',4,5,'2025-01-21 15:53:14'),(239,33,'Rossella','Da migliorare','I letti non erano molto comodi, ma la casa era comunque accogliente.',3,5,'2025-01-21 15:53:14'),(240,33,'Maurizio','Soggiorno perfetto','Soggiorno davvero piacevole, tutto come descritto.',5,6,'2025-01-21 15:53:14'),(245,5,'TEST','TEST','TEST',4,8,'2025-01-27 11:02:46'),(246,37,'Alessandro','Casa mia','Beh non ho tanta scelta',4,200,'2025-01-28 15:01:09'),(247,8,'Maria','TEST','TEST',4,4,'2025-01-30 09:06:30'),(248,38,'Alessandro','Casa mia','Insomma mi deve andare bene',4,255,'2025-01-30 09:07:40'),(255,37,'Francesco Moretti','Buon soggiorno','Molto accogliente, consigliato.',3,6,'2025-01-30 13:42:07'),(256,37,'Marco Rossi','Panorama mozzafiato','Tutto perfetto, tornerò sicuramente!',2,6,'2025-01-30 13:42:07'),(257,37,'Francesco Moretti','Vacanza rilassante','Il servizio non è stato all’altezza.',4,5,'2025-01-30 13:42:07'),(258,38,'Francesco Moretti','Panorama mozzafiato','Vista spettacolare, da rifare.',4,11,'2025-01-30 13:42:07'),(259,38,'Elena Neri','Esperienza fantastica','Vista spettacolare, da rifare.',3,3,'2025-01-30 13:42:07'),(260,38,'Francesco Moretti','Servizio eccellente','Ottimo per un soggiorno breve.',1,4,'2025-01-30 13:42:07'),(261,39,'Giulia Bianchi','Esperienza fantastica','Prezzo conveniente e ottima posizione.',1,3,'2025-01-30 13:42:07'),(262,39,'Giulia Bianchi','Pulizia eccellente','Prezzo conveniente e ottima posizione.',5,9,'2025-01-30 13:42:07'),(263,39,'Luca Verdi','Servizio eccellente','Ottimo per un soggiorno breve.',2,3,'2025-01-30 13:42:07'),(264,40,'Davide Ferri','Esperienza fantastica','Tutto perfetto, tornerò sicuramente!',5,8,'2025-01-30 13:42:07'),(265,40,'Luca Verdi','Un po’ deluso','Prezzo conveniente e ottima posizione.',1,8,'2025-01-30 13:42:07'),(266,40,'Martina Conti','Panorama mozzafiato','Vista spettacolare, da rifare.',1,2,'2025-01-30 13:42:07'),(267,41,'Marco Rossi','Esperienza fantastica','Vista spettacolare, da rifare.',3,8,'2025-01-30 13:42:07'),(268,41,'Anna Russo','Vacanza rilassante','Il servizio non è stato all’altezza.',5,9,'2025-01-30 13:42:07'),(269,41,'Luca Verdi','Servizio eccellente','Ottimo per un soggiorno breve.',4,9,'2025-01-30 13:42:07'),(270,42,'Anna Russo','Pulizia eccellente','Tutto perfetto, tornerò sicuramente!',3,8,'2025-01-30 13:42:07'),(271,42,'Elena Neri','Buon rapporto qualità-prezzo','Ottimo per un soggiorno breve.',5,7,'2025-01-30 13:42:07'),(272,42,'Martina Conti','Struttura da migliorare','Ottimo per un soggiorno breve.',1,8,'2025-01-30 13:42:07'),(273,43,'Davide Ferri','Un po’ deluso','Il servizio non è stato all’altezza.',2,3,'2025-01-30 13:42:07'),(274,43,'Anna Russo','Servizio eccellente','Il servizio non è stato all’altezza.',4,2,'2025-01-30 13:42:07'),(275,43,'Luca Verdi','Struttura da migliorare','Un po’ rumoroso, ma nel complesso buono.',5,10,'2025-01-30 13:42:07'),(276,44,'Anna Russo','Un po’ deluso','Un po’ rumoroso, ma nel complesso buono.',4,5,'2025-01-30 13:42:07'),(277,44,'Luca Verdi','Panorama mozzafiato','Tutto perfetto, tornerò sicuramente!',3,5,'2025-01-30 13:42:07'),(278,44,'Marco Rossi','Vacanza rilassante','Il servizio non è stato all’altezza.',3,2,'2025-01-30 13:42:07'),(279,45,'Anna Russo','Servizio eccellente','Vista spettacolare, da rifare.',1,8,'2025-01-30 13:42:07'),(280,45,'Marco Rossi','Struttura da migliorare','Un po’ rumoroso, ma nel complesso buono.',4,9,'2025-01-30 13:42:07'),(281,45,'Davide Ferri','Pulizia eccellente','Vista spettacolare, da rifare.',3,2,'2025-01-30 13:42:07'),(282,46,'Martina Conti','Buon rapporto qualità-prezzo','Tutto perfetto, tornerò sicuramente!',4,10,'2025-01-30 13:42:07'),(283,46,'Martina Conti','Panorama mozzafiato','Ottimo per un soggiorno breve.',3,10,'2025-01-30 13:42:07'),(284,46,'Elena Neri','Vacanza rilassante','Il servizio non è stato all’altezza.',3,3,'2025-01-30 13:42:07'),(285,47,'Marco Rossi','Esperienza fantastica','Tutto perfetto, tornerò sicuramente!',1,11,'2025-01-30 13:42:07'),(286,47,'Anna Russo','Vacanza rilassante','Ottimo per un soggiorno breve.',2,7,'2025-01-30 13:42:07'),(287,47,'Davide Ferri','Esperienza fantastica','Molto accogliente, consigliato.',4,9,'2025-01-30 13:42:07'),(288,48,'Martina Conti','Esperienza fantastica','Un po’ rumoroso, ma nel complesso buono.',4,7,'2025-01-30 13:42:07'),(289,48,'Giulia Bianchi','Vacanza rilassante','Tutto perfetto, tornerò sicuramente!',2,2,'2025-01-30 13:42:07'),(290,48,'Elena Neri','Buon soggiorno','Ottimo per un soggiorno breve.',3,9,'2025-01-30 13:42:07'),(291,49,'Luca Verdi','Servizio eccellente','Molto accogliente, consigliato.',4,10,'2025-01-30 13:42:07'),(292,49,'Giulia Bianchi','Esperienza fantastica','Tutto perfetto, tornerò sicuramente!',5,11,'2025-01-30 13:42:07'),(293,49,'Anna Russo','Buon soggiorno','Prezzo conveniente e ottima posizione.',5,7,'2025-01-30 13:42:07'),(294,50,'Luca Verdi','Un po’ deluso','Il servizio non è stato all’altezza.',4,3,'2025-01-30 13:42:07'),(295,50,'Elena Neri','Pulizia eccellente','Tutto perfetto, tornerò sicuramente!',2,11,'2025-01-30 13:42:07'),(296,50,'Giulia Bianchi','Servizio eccellente','Prezzo conveniente e ottima posizione.',5,5,'2025-01-30 13:42:07'),(297,51,'Francesco Moretti','Vacanza rilassante','Prezzo conveniente e ottima posizione.',5,6,'2025-01-30 13:42:07'),(298,51,'Martina Conti','Servizio eccellente','Un po’ rumoroso, ma nel complesso buono.',1,11,'2025-01-30 13:42:07'),(299,51,'Martina Conti','Struttura da migliorare','Tutto perfetto, tornerò sicuramente!',3,7,'2025-01-30 13:42:07'),(300,52,'Marco Rossi','Panorama mozzafiato','Tutto perfetto, tornerò sicuramente!',3,3,'2025-01-30 13:42:07'),(301,52,'Luca Verdi','Servizio eccellente','Vista spettacolare, da rifare.',1,11,'2025-01-30 13:42:07'),(302,52,'Giulia Bianchi','Servizio eccellente','Un po’ rumoroso, ma nel complesso buono.',2,7,'2025-01-30 13:42:07'),(303,53,'Davide Ferri','Un po’ deluso','Vista spettacolare, da rifare.',1,11,'2025-01-30 13:42:07'),(304,53,'Anna Russo','Buon rapporto qualità-prezzo','Prezzo conveniente e ottima posizione.',5,2,'2025-01-30 13:42:07'),(305,53,'Elena Neri','Buon soggiorno','Molto accogliente, consigliato.',4,6,'2025-01-30 13:42:07'),(306,54,'Giulia Bianchi','Pulizia eccellente','Molto accogliente, consigliato.',2,11,'2025-01-30 13:42:07'),(307,54,'Martina Conti','Buon rapporto qualità-prezzo','Ottimo per un soggiorno breve.',2,2,'2025-01-30 13:42:07'),(308,54,'Stefano Galli','Un po’ deluso','Un po’ rumoroso, ma nel complesso buono.',5,11,'2025-01-30 13:42:07'),(309,55,'Giulia Bianchi','Un po’ deluso','Vista spettacolare, da rifare.',2,7,'2025-01-30 13:42:07'),(310,55,'Martina Conti','Panorama mozzafiato','Il servizio non è stato all’altezza.',3,9,'2025-01-30 13:42:07'),(311,55,'Elena Neri','Buon soggiorno','Ottimo per un soggiorno breve.',2,9,'2025-01-30 13:42:07'),(312,56,'Anna Russo','Un po’ deluso','Prezzo conveniente e ottima posizione.',3,7,'2025-01-30 13:42:07'),(313,56,'Francesco Moretti','Panorama mozzafiato','Un po’ rumoroso, ma nel complesso buono.',1,11,'2025-01-30 13:42:07'),(314,56,'Elena Neri','Struttura da migliorare','Ottimo per un soggiorno breve.',5,11,'2025-01-30 13:42:07'),(315,57,'Martina Conti','Buon rapporto qualità-prezzo','Il servizio non è stato all’altezza.',2,7,'2025-01-30 13:42:07'),(316,57,'Marco Rossi','Struttura da migliorare','Un po’ rumoroso, ma nel complesso buono.',5,10,'2025-01-30 13:42:07'),(317,57,'Davide Ferri','Buon soggiorno','Un po’ rumoroso, ma nel complesso buono.',1,10,'2025-01-30 13:42:07'),(318,58,'Giulia Bianchi','Esperienza fantastica','Ottimo per un soggiorno breve.',3,3,'2025-01-30 13:42:07'),(319,58,'Anna Russo','Vacanza rilassante','Il servizio non è stato all’altezza.',1,7,'2025-01-30 13:42:07'),(320,58,'Elena Neri','Pulizia eccellente','Il servizio non è stato all’altezza.',4,10,'2025-01-30 13:42:07'),(321,59,'Francesco Moretti','Panorama mozzafiato','Un po’ rumoroso, ma nel complesso buono.',1,11,'2025-01-30 13:42:07'),(322,59,'Elena Neri','Vacanza rilassante','Tutto perfetto, tornerò sicuramente!',4,4,'2025-01-30 13:42:07'),(323,59,'Stefano Galli','Vacanza rilassante','Molto accogliente, consigliato.',3,10,'2025-01-30 13:42:07'),(324,60,'Martina Conti','Pulizia eccellente','Un po’ rumoroso, ma nel complesso buono.',5,6,'2025-01-30 13:42:07'),(325,60,'Marco Rossi','Buon soggiorno','Il servizio non è stato all’altezza.',5,6,'2025-01-30 13:42:07'),(326,60,'Davide Ferri','Vacanza rilassante','Vista spettacolare, da rifare.',1,7,'2025-01-30 13:42:07'),(327,61,'Luca Verdi','Panorama mozzafiato','Vista spettacolare, da rifare.',5,5,'2025-01-30 13:42:07'),(328,61,'Luca Verdi','Struttura da migliorare','Molto accogliente, consigliato.',3,3,'2025-01-30 13:42:07'),(329,61,'Giulia Bianchi','Panorama mozzafiato','Molto accogliente, consigliato.',3,2,'2025-01-30 13:42:07'),(330,62,'Davide Ferri','Struttura da migliorare','Un po’ rumoroso, ma nel complesso buono.',5,10,'2025-01-30 13:42:07'),(331,62,'Anna Russo','Pulizia eccellente','Prezzo conveniente e ottima posizione.',4,10,'2025-01-30 13:42:07'),(332,62,'Marco Rossi','Servizio eccellente','Molto accogliente, consigliato.',2,8,'2025-01-30 13:42:07'),(333,63,'Davide Ferri','Struttura da migliorare','Tutto perfetto, tornerò sicuramente!',5,5,'2025-01-30 13:42:07'),(334,63,'Giulia Bianchi','Buon soggiorno','Prezzo conveniente e ottima posizione.',4,9,'2025-01-30 13:42:07'),(335,63,'Martina Conti','Esperienza fantastica','Il servizio non è stato all’altezza.',2,6,'2025-01-30 13:42:07'),(336,64,'Luca Verdi','Un po’ deluso','Prezzo conveniente e ottima posizione.',4,6,'2025-01-30 13:42:07'),(337,64,'Giulia Bianchi','Pulizia eccellente','Tutto perfetto, tornerò sicuramente!',3,9,'2025-01-30 13:42:07'),(338,64,'Luca Verdi','Esperienza fantastica','Molto accogliente, consigliato.',5,4,'2025-01-30 13:42:07'),(339,65,'Luca Verdi','Pulizia eccellente','Prezzo conveniente e ottima posizione.',1,2,'2025-01-30 13:42:07'),(340,65,'Anna Russo','Servizio eccellente','Molto accogliente, consigliato.',5,2,'2025-01-30 13:42:07'),(341,65,'Luca Verdi','Pulizia eccellente','Vista spettacolare, da rifare.',2,6,'2025-01-30 13:42:07'),(342,66,'Francesco Moretti','Buon soggiorno','Il servizio non è stato all’altezza.',2,7,'2025-01-30 13:42:07'),(343,66,'Francesco Moretti','Buon rapporto qualità-prezzo','Prezzo conveniente e ottima posizione.',3,10,'2025-01-30 13:42:07'),(344,66,'Francesco Moretti','Buon soggiorno','Tutto perfetto, tornerò sicuramente!',3,7,'2025-01-30 13:42:07'),(345,67,'Luca Verdi','Un po’ deluso','Ottimo per un soggiorno breve.',5,2,'2025-01-30 13:42:07'),(346,67,'Luca Verdi','Struttura da migliorare','Prezzo conveniente e ottima posizione.',3,11,'2025-01-30 13:42:07'),(347,67,'Marco Rossi','Pulizia eccellente','Vista spettacolare, da rifare.',1,7,'2025-01-30 13:42:07'),(348,68,'Anna Russo','Pulizia eccellente','Vista spettacolare, da rifare.',3,11,'2025-01-30 13:42:07'),(349,68,'Francesco Moretti','Un po’ deluso','Tutto perfetto, tornerò sicuramente!',3,8,'2025-01-30 13:42:07'),(350,68,'Luca Verdi','Esperienza fantastica','Un po’ rumoroso, ma nel complesso buono.',4,9,'2025-01-30 13:42:07'),(351,69,'Martina Conti','Servizio eccellente','Ottimo per un soggiorno breve.',3,9,'2025-01-30 13:42:07'),(352,69,'Giulia Bianchi','Pulizia eccellente','Molto accogliente, consigliato.',2,11,'2025-01-30 13:42:07'),(353,69,'Marco Rossi','Esperienza fantastica','Il servizio non è stato all’altezza.',5,7,'2025-01-30 13:42:07'),(354,70,'Stefano Galli','Buon soggiorno','Tutto perfetto, tornerò sicuramente!',1,7,'2025-01-30 13:42:07'),(355,70,'Luca Verdi','Buon soggiorno','Prezzo conveniente e ottima posizione.',4,5,'2025-01-30 13:42:07'),(356,70,'Giulia Bianchi','Struttura da migliorare','Ottimo per un soggiorno breve.',5,11,'2025-01-30 13:42:07'),(357,71,'Stefano Galli','Un po’ deluso','Ottimo per un soggiorno breve.',1,8,'2025-01-30 13:42:07'),(358,71,'Stefano Galli','Servizio eccellente','Tutto perfetto, tornerò sicuramente!',2,2,'2025-01-30 13:42:07'),(359,71,'Elena Neri','Servizio eccellente','Prezzo conveniente e ottima posizione.',2,11,'2025-01-30 13:42:07'),(360,72,'Davide Ferri','Panorama mozzafiato','Molto accogliente, consigliato.',5,8,'2025-01-30 13:42:07'),(361,72,'Martina Conti','Buon rapporto qualità-prezzo','Molto accogliente, consigliato.',3,7,'2025-01-30 13:42:07'),(362,72,'Anna Russo','Struttura da migliorare','Vista spettacolare, da rifare.',1,2,'2025-01-30 13:42:07'),(363,73,'Davide Ferri','Panorama mozzafiato','Prezzo conveniente e ottima posizione.',5,9,'2025-01-30 13:42:07'),(364,73,'Stefano Galli','Struttura da migliorare','Tutto perfetto, tornerò sicuramente!',3,3,'2025-01-30 13:42:07'),(365,73,'Elena Neri','Buon rapporto qualità-prezzo','Tutto perfetto, tornerò sicuramente!',3,8,'2025-01-30 13:42:07'),(366,74,'Francesco Moretti','Panorama mozzafiato','Ottimo per un soggiorno breve.',1,5,'2025-01-30 13:42:07'),(367,74,'Martina Conti','Buon rapporto qualità-prezzo','Tutto perfetto, tornerò sicuramente!',1,6,'2025-01-30 13:42:07'),(368,74,'Anna Russo','Esperienza fantastica','Molto accogliente, consigliato.',1,10,'2025-01-30 13:42:07'),(369,75,'Marco Rossi','Pulizia eccellente','Vista spettacolare, da rifare.',3,3,'2025-01-30 13:42:07'),(370,75,'Giulia Bianchi','Un po’ deluso','Un po’ rumoroso, ma nel complesso buono.',5,9,'2025-01-30 13:42:07'),(371,75,'Elena Neri','Pulizia eccellente','Ottimo per un soggiorno breve.',3,6,'2025-01-30 13:42:07'),(372,76,'Anna Russo','Esperienza fantastica','Il servizio non è stato all’altezza.',5,4,'2025-01-30 13:42:07'),(373,76,'Anna Russo','Vacanza rilassante','Ottimo per un soggiorno breve.',3,10,'2025-01-30 13:42:07'),(374,76,'Elena Neri','Pulizia eccellente','Tutto perfetto, tornerò sicuramente!',1,3,'2025-01-30 13:42:07'),(375,77,'Francesco Moretti','Buon soggiorno','Vista spettacolare, da rifare.',4,5,'2025-01-30 13:42:07'),(376,77,'Anna Russo','Vacanza rilassante','Il servizio non è stato all’altezza.',3,7,'2025-01-30 13:42:07'),(377,77,'Martina Conti','Pulizia eccellente','Prezzo conveniente e ottima posizione.',1,7,'2025-01-30 13:42:07'),(378,78,'Francesco Moretti','Esperienza fantastica','Prezzo conveniente e ottima posizione.',2,10,'2025-01-30 13:42:07'),(379,78,'Marco Rossi','Servizio eccellente','Tutto perfetto, tornerò sicuramente!',4,7,'2025-01-30 13:42:07'),(380,78,'Anna Russo','Vacanza rilassante','Un po’ rumoroso, ma nel complesso buono.',1,11,'2025-01-30 13:42:07'),(381,79,'Elena Neri','Vacanza rilassante','Molto accogliente, consigliato.',2,10,'2025-01-30 13:42:07'),(382,79,'Giulia Bianchi','Panorama mozzafiato','Vista spettacolare, da rifare.',1,6,'2025-01-30 13:42:07'),(383,79,'Davide Ferri','Vacanza rilassante','Vista spettacolare, da rifare.',5,6,'2025-01-30 13:42:07'),(384,80,'Francesco Moretti','Vacanza rilassante','Tutto perfetto, tornerò sicuramente!',1,6,'2025-01-30 13:42:07'),(385,80,'Stefano Galli','Struttura da migliorare','Prezzo conveniente e ottima posizione.',3,7,'2025-01-30 13:42:07'),(386,80,'Francesco Moretti','Panorama mozzafiato','Il servizio non è stato all’altezza.',4,11,'2025-01-30 13:42:07'),(387,81,'Davide Ferri','Panorama mozzafiato','Prezzo conveniente e ottima posizione.',5,2,'2025-01-30 13:42:07'),(388,81,'Giulia Bianchi','Pulizia eccellente','Vista spettacolare, da rifare.',1,6,'2025-01-30 13:42:07'),(389,81,'Marco Rossi','Un po’ deluso','Ottimo per un soggiorno breve.',1,7,'2025-01-30 13:42:07'),(390,82,'Francesco Moretti','Buon soggiorno','Tutto perfetto, tornerò sicuramente!',4,4,'2025-01-30 13:42:07'),(391,82,'Stefano Galli','Vacanza rilassante','Molto accogliente, consigliato.',4,4,'2025-01-30 13:42:07'),(392,82,'Anna Russo','Vacanza rilassante','Vista spettacolare, da rifare.',2,5,'2025-01-30 13:42:07'),(393,83,'Davide Ferri','Pulizia eccellente','Il servizio non è stato all’altezza.',4,6,'2025-01-30 13:42:07'),(394,83,'Davide Ferri','Panorama mozzafiato','Un po’ rumoroso, ma nel complesso buono.',1,4,'2025-01-30 13:42:07'),(395,83,'Martina Conti','Panorama mozzafiato','Molto accogliente, consigliato.',4,4,'2025-01-30 13:42:07'),(396,84,'Luca Verdi','Buon soggiorno','Ottimo per un soggiorno breve.',3,5,'2025-01-30 13:42:07'),(397,84,'Francesco Moretti','Vacanza rilassante','Tutto perfetto, tornerò sicuramente!',2,5,'2025-01-30 13:42:07'),(398,84,'Davide Ferri','Servizio eccellente','Ottimo per un soggiorno breve.',1,9,'2025-01-30 13:42:07'),(399,85,'Elena Neri','Un po’ deluso','Molto accogliente, consigliato.',5,9,'2025-01-30 13:42:07'),(400,85,'Marco Rossi','Esperienza fantastica','Tutto perfetto, tornerò sicuramente!',1,8,'2025-01-30 13:42:07'),(401,85,'Martina Conti','Esperienza fantastica','Un po’ rumoroso, ma nel complesso buono.',5,4,'2025-01-30 13:42:07'),(402,86,'Luca Verdi','Servizio eccellente','Vista spettacolare, da rifare.',2,2,'2025-01-30 13:42:07'),(403,86,'Elena Neri','Buon rapporto qualità-prezzo','Vista spettacolare, da rifare.',3,5,'2025-01-30 13:42:07'),(404,86,'Giulia Bianchi','Servizio eccellente','Ottimo per un soggiorno breve.',1,11,'2025-01-30 13:42:07'),(405,87,'Anna Russo','Struttura da migliorare','Molto accogliente, consigliato.',5,5,'2025-01-30 13:42:07'),(406,87,'Elena Neri','Buon soggiorno','Il servizio non è stato all’altezza.',3,11,'2025-01-30 13:42:07'),(407,87,'Luca Verdi','Pulizia eccellente','Prezzo conveniente e ottima posizione.',5,9,'2025-01-30 13:42:07'),(408,88,'Stefano Galli','Un po’ deluso','Un po’ rumoroso, ma nel complesso buono.',2,10,'2025-01-30 13:42:07'),(409,88,'Stefano Galli','Buon rapporto qualità-prezzo','Prezzo conveniente e ottima posizione.',3,3,'2025-01-30 13:42:07'),(410,88,'Elena Neri','Pulizia eccellente','Molto accogliente, consigliato.',5,7,'2025-01-30 13:42:07'),(411,89,'Marco Rossi','Pulizia eccellente','Vista spettacolare, da rifare.',3,9,'2025-01-30 13:42:07'),(412,89,'Stefano Galli','Pulizia eccellente','Ottimo per un soggiorno breve.',4,8,'2025-01-30 13:42:07'),(413,89,'Marco Rossi','Vacanza rilassante','Molto accogliente, consigliato.',2,3,'2025-01-30 13:42:07'),(414,90,'Davide Ferri','Struttura da migliorare','Vista spettacolare, da rifare.',5,11,'2025-01-30 13:42:07'),(415,90,'Luca Verdi','Pulizia eccellente','Un po’ rumoroso, ma nel complesso buono.',2,10,'2025-01-30 13:42:07'),(416,90,'Francesco Moretti','Esperienza fantastica','Un po’ rumoroso, ma nel complesso buono.',4,2,'2025-01-30 13:42:07'),(417,91,'Luca Verdi','Buon rapporto qualità-prezzo','Tutto perfetto, tornerò sicuramente!',1,10,'2025-01-30 13:42:07'),(418,91,'Stefano Galli','Vacanza rilassante','Il servizio non è stato all’altezza.',5,7,'2025-01-30 13:42:07'),(419,91,'Giulia Bianchi','Buon rapporto qualità-prezzo','Il servizio non è stato all’altezza.',4,10,'2025-01-30 13:42:07'),(420,92,'Luca Verdi','Buon soggiorno','Un po’ rumoroso, ma nel complesso buono.',5,4,'2025-01-30 13:42:07'),(421,92,'Anna Russo','Buon rapporto qualità-prezzo','Vista spettacolare, da rifare.',5,7,'2025-01-30 13:42:07'),(422,92,'Stefano Galli','Esperienza fantastica','Ottimo per un soggiorno breve.',4,10,'2025-01-30 13:42:07'),(423,93,'Luca Verdi','Un po’ deluso','Ottimo per un soggiorno breve.',3,11,'2025-01-30 13:42:07'),(424,93,'Luca Verdi','Buon soggiorno','Ottimo per un soggiorno breve.',2,5,'2025-01-30 13:42:07'),(425,93,'Giulia Bianchi','Servizio eccellente','Un po’ rumoroso, ma nel complesso buono.',1,7,'2025-01-30 13:42:07'),(426,94,'Giulia Bianchi','Buon rapporto qualità-prezzo','Il servizio non è stato all’altezza.',4,5,'2025-01-30 13:42:07'),(427,94,'Luca Verdi','Panorama mozzafiato','Molto accogliente, consigliato.',2,6,'2025-01-30 13:42:07'),(428,94,'Elena Neri','Servizio eccellente','Un po’ rumoroso, ma nel complesso buono.',3,7,'2025-01-30 13:42:07'),(429,95,'Martina Conti','Struttura da migliorare','Un po’ rumoroso, ma nel complesso buono.',5,9,'2025-01-30 13:42:07'),(430,95,'Marco Rossi','Buon soggiorno','Ottimo per un soggiorno breve.',3,8,'2025-01-30 13:42:07'),(431,95,'Davide Ferri','Un po’ deluso','Il servizio non è stato all’altezza.',2,8,'2025-01-30 13:42:07'),(432,96,'Davide Ferri','Pulizia eccellente','Il servizio non è stato all’altezza.',5,10,'2025-01-30 13:42:07'),(433,96,'Francesco Moretti','Buon soggiorno','Molto accogliente, consigliato.',3,6,'2025-01-30 13:42:07'),(434,96,'Davide Ferri','Struttura da migliorare','Tutto perfetto, tornerò sicuramente!',4,10,'2025-01-30 13:42:07'),(435,97,'Martina Conti','Panorama mozzafiato','Il servizio non è stato all’altezza.',1,5,'2025-01-30 13:42:07'),(436,97,'Martina Conti','Buon rapporto qualità-prezzo','Vista spettacolare, da rifare.',1,8,'2025-01-30 13:42:07'),(437,97,'Martina Conti','Buon rapporto qualità-prezzo','Vista spettacolare, da rifare.',3,2,'2025-01-30 13:42:07'),(438,98,'Davide Ferri','Panorama mozzafiato','Tutto perfetto, tornerò sicuramente!',2,6,'2025-01-30 13:42:07'),(439,98,'Elena Neri','Pulizia eccellente','Il servizio non è stato all’altezza.',1,8,'2025-01-30 13:42:07'),(440,98,'Luca Verdi','Struttura da migliorare','Molto accogliente, consigliato.',5,9,'2025-01-30 13:42:07'),(441,99,'Giulia Bianchi','Panorama mozzafiato','Il servizio non è stato all’altezza.',5,7,'2025-01-30 13:42:07'),(442,99,'Luca Verdi','Buon soggiorno','Il servizio non è stato all’altezza.',1,8,'2025-01-30 13:42:07'),(443,99,'Luca Verdi','Buon rapporto qualità-prezzo','Tutto perfetto, tornerò sicuramente!',4,6,'2025-01-30 13:42:07'),(444,100,'Stefano Galli','Pulizia eccellente','Prezzo conveniente e ottima posizione.',4,11,'2025-01-30 13:42:07'),(445,100,'Anna Russo','Esperienza fantastica','Vista spettacolare, da rifare.',5,5,'2025-01-30 13:42:07'),(446,100,'Martina Conti','Struttura da migliorare','Molto accogliente, consigliato.',1,10,'2025-01-30 13:42:07'),(447,101,'Martina Conti','Servizio eccellente','Il servizio non è stato all’altezza.',2,6,'2025-01-30 13:42:07'),(448,101,'Elena Neri','Buon soggiorno','Ottimo per un soggiorno breve.',5,11,'2025-01-30 13:42:07'),(449,101,'Davide Ferri','Buon soggiorno','Ottimo per un soggiorno breve.',1,6,'2025-01-30 13:42:07'),(450,102,'Marco Rossi','Buon soggiorno','Ottimo per un soggiorno breve.',3,3,'2025-01-30 13:42:07'),(451,102,'Francesco Moretti','Servizio eccellente','Prezzo conveniente e ottima posizione.',1,6,'2025-01-30 13:42:07'),(452,102,'Luca Verdi','Esperienza fantastica','Vista spettacolare, da rifare.',5,3,'2025-01-30 13:42:07'),(453,103,'Stefano Galli','Buon rapporto qualità-prezzo','Vista spettacolare, da rifare.',1,4,'2025-01-30 13:42:07'),(454,103,'Marco Rossi','Panorama mozzafiato','Un po’ rumoroso, ma nel complesso buono.',1,5,'2025-01-30 13:42:07'),(455,103,'Giulia Bianchi','Esperienza fantastica','Il servizio non è stato all’altezza.',4,7,'2025-01-30 13:42:07'),(456,104,'Stefano Galli','Buon rapporto qualità-prezzo','Prezzo conveniente e ottima posizione.',1,3,'2025-01-30 13:42:07'),(457,104,'Giulia Bianchi','Struttura da migliorare','Molto accogliente, consigliato.',5,5,'2025-01-30 13:42:07'),(458,104,'Anna Russo','Esperienza fantastica','Ottimo per un soggiorno breve.',4,10,'2025-01-30 13:42:07'),(459,105,'Stefano Galli','Struttura da migliorare','Molto accogliente, consigliato.',3,11,'2025-01-30 13:42:07'),(460,105,'Elena Neri','Buon soggiorno','Ottimo per un soggiorno breve.',2,11,'2025-01-30 13:42:07'),(461,105,'Anna Russo','Pulizia eccellente','Molto accogliente, consigliato.',5,6,'2025-01-30 13:42:07'),(462,106,'Davide Ferri','Struttura da migliorare','Il servizio non è stato all’altezza.',3,5,'2025-01-30 13:42:07'),(463,106,'Marco Rossi','Esperienza fantastica','Molto accogliente, consigliato.',5,11,'2025-01-30 13:42:07'),(464,106,'Martina Conti','Vacanza rilassante','Prezzo conveniente e ottima posizione.',4,10,'2025-01-30 13:42:07'),(465,107,'Marco Rossi','Servizio eccellente','Prezzo conveniente e ottima posizione.',5,9,'2025-01-30 13:42:07'),(466,107,'Marco Rossi','Esperienza fantastica','Tutto perfetto, tornerò sicuramente!',1,4,'2025-01-30 13:42:07'),(467,107,'Luca Verdi','Vacanza rilassante','Ottimo per un soggiorno breve.',4,3,'2025-01-30 13:42:07'),(468,108,'Stefano Galli','Struttura da migliorare','Prezzo conveniente e ottima posizione.',4,2,'2025-01-30 13:42:07'),(469,108,'Anna Russo','Esperienza fantastica','Vista spettacolare, da rifare.',4,3,'2025-01-30 13:42:07'),(470,108,'Davide Ferri','Pulizia eccellente','Prezzo conveniente e ottima posizione.',2,11,'2025-01-30 13:42:07'),(471,109,'Davide Ferri','Buon soggiorno','Molto accogliente, consigliato.',4,6,'2025-01-30 13:42:07'),(472,109,'Elena Neri','Struttura da migliorare','Prezzo conveniente e ottima posizione.',2,3,'2025-01-30 13:42:07'),(473,109,'Francesco Moretti','Buon soggiorno','Molto accogliente, consigliato.',3,10,'2025-01-30 13:42:07'),(474,110,'Anna Russo','Struttura da migliorare','Molto accogliente, consigliato.',4,4,'2025-01-30 13:42:07'),(475,110,'Stefano Galli','Buon soggiorno','Prezzo conveniente e ottima posizione.',3,4,'2025-01-30 13:42:07'),(476,110,'Elena Neri','Vacanza rilassante','Tutto perfetto, tornerò sicuramente!',2,9,'2025-01-30 13:42:07'),(477,111,'Davide Ferri','Struttura da migliorare','Prezzo conveniente e ottima posizione.',2,2,'2025-01-30 13:42:07'),(478,111,'Giulia Bianchi','Un po’ deluso','Prezzo conveniente e ottima posizione.',4,9,'2025-01-30 13:42:07'),(479,111,'Francesco Moretti','Struttura da migliorare','Vista spettacolare, da rifare.',4,4,'2025-01-30 13:42:07'),(480,112,'Luca Verdi','Un po’ deluso','Il servizio non è stato all’altezza.',3,10,'2025-01-30 13:42:07'),(481,112,'Davide Ferri','Esperienza fantastica','Molto accogliente, consigliato.',1,9,'2025-01-30 13:42:07'),(482,112,'Francesco Moretti','Esperienza fantastica','Ottimo per un soggiorno breve.',2,10,'2025-01-30 13:42:07'),(483,113,'Giulia Bianchi','Buon rapporto qualità-prezzo','Il servizio non è stato all’altezza.',4,7,'2025-01-30 13:42:07'),(484,113,'Giulia Bianchi','Struttura da migliorare','Vista spettacolare, da rifare.',4,4,'2025-01-30 13:42:07'),(485,113,'Elena Neri','Vacanza rilassante','Vista spettacolare, da rifare.',3,10,'2025-01-30 13:42:07'),(486,114,'Francesco Moretti','Buon soggiorno','Molto accogliente, consigliato.',1,3,'2025-01-30 13:42:07'),(487,114,'Francesco Moretti','Servizio eccellente','Un po’ rumoroso, ma nel complesso buono.',3,11,'2025-01-30 13:42:07'),(488,114,'Elena Neri','Servizio eccellente','Molto accogliente, consigliato.',4,9,'2025-01-30 13:42:07'),(489,115,'Anna Russo','Esperienza fantastica','Vista spettacolare, da rifare.',2,8,'2025-01-30 13:42:07'),(490,115,'Luca Verdi','Struttura da migliorare','Tutto perfetto, tornerò sicuramente!',3,10,'2025-01-30 13:42:07'),(491,115,'Martina Conti','Panorama mozzafiato','Il servizio non è stato all’altezza.',3,6,'2025-01-30 13:42:07'),(492,116,'Francesco Moretti','Vacanza rilassante','Prezzo conveniente e ottima posizione.',4,2,'2025-01-30 13:42:07'),(493,116,'Martina Conti','Buon rapporto qualità-prezzo','Molto accogliente, consigliato.',3,3,'2025-01-30 13:42:07'),(494,116,'Marco Rossi','Servizio eccellente','Prezzo conveniente e ottima posizione.',3,5,'2025-01-30 13:42:07'),(495,117,'Giulia Bianchi','Esperienza fantastica','Il servizio non è stato all’altezza.',4,11,'2025-01-30 13:42:07'),(496,117,'Davide Ferri','Servizio eccellente','Prezzo conveniente e ottima posizione.',1,11,'2025-01-30 13:42:07'),(497,117,'Giulia Bianchi','Esperienza fantastica','Prezzo conveniente e ottima posizione.',4,4,'2025-01-30 13:42:07'),(498,118,'Giulia Bianchi','Struttura da migliorare','Molto accogliente, consigliato.',1,5,'2025-01-30 13:42:07'),(499,118,'Martina Conti','Esperienza fantastica','Prezzo conveniente e ottima posizione.',4,4,'2025-01-30 13:42:07'),(500,118,'Elena Neri','Esperienza fantastica','Molto accogliente, consigliato.',1,6,'2025-01-30 13:42:07'),(501,119,'Marco Rossi','Un po’ deluso','Un po’ rumoroso, ma nel complesso buono.',3,4,'2025-01-30 13:42:07'),(502,119,'Anna Russo','Pulizia eccellente','Un po’ rumoroso, ma nel complesso buono.',1,2,'2025-01-30 13:42:07'),(503,119,'Luca Verdi','Vacanza rilassante','Vista spettacolare, da rifare.',2,10,'2025-01-30 13:42:07'),(504,120,'Martina Conti','Vacanza rilassante','Tutto perfetto, tornerò sicuramente!',4,10,'2025-01-30 13:42:07'),(505,120,'Giulia Bianchi','Panorama mozzafiato','Molto accogliente, consigliato.',4,6,'2025-01-30 13:42:07'),(506,120,'Giulia Bianchi','Un po’ deluso','Prezzo conveniente e ottima posizione.',2,4,'2025-01-30 13:42:07'),(507,121,'Giulia Bianchi','Buon rapporto qualità-prezzo','Molto accogliente, consigliato.',4,3,'2025-01-30 13:42:07'),(508,121,'Francesco Moretti','Un po’ deluso','Il servizio non è stato all’altezza.',5,7,'2025-01-30 13:42:07'),(509,121,'Davide Ferri','Buon rapporto qualità-prezzo','Vista spettacolare, da rifare.',2,10,'2025-01-30 13:42:07'),(510,122,'Stefano Galli','Buon rapporto qualità-prezzo','Tutto perfetto, tornerò sicuramente!',4,3,'2025-01-30 13:42:07'),(511,122,'Anna Russo','Servizio eccellente','Il servizio non è stato all’altezza.',3,7,'2025-01-30 13:42:07'),(512,122,'Luca Verdi','Struttura da migliorare','Tutto perfetto, tornerò sicuramente!',3,10,'2025-01-30 13:42:07'),(513,123,'Stefano Galli','Vacanza rilassante','Ottimo per un soggiorno breve.',1,6,'2025-01-30 13:42:07'),(514,123,'Marco Rossi','Esperienza fantastica','Prezzo conveniente e ottima posizione.',3,11,'2025-01-30 13:42:07'),(515,123,'Giulia Bianchi','Buon soggiorno','Vista spettacolare, da rifare.',1,6,'2025-01-30 13:42:07'),(516,124,'Martina Conti','Buon soggiorno','Prezzo conveniente e ottima posizione.',5,7,'2025-01-30 13:42:07'),(517,124,'Luca Verdi','Pulizia eccellente','Ottimo per un soggiorno breve.',3,10,'2025-01-30 13:42:07'),(518,124,'Davide Ferri','Buon soggiorno','Il servizio non è stato all’altezza.',3,3,'2025-01-30 13:42:07'),(519,125,'Marco Rossi','Esperienza fantastica','Un po’ rumoroso, ma nel complesso buono.',2,8,'2025-01-30 13:42:07'),(520,125,'Elena Neri','Buon soggiorno','Il servizio non è stato all’altezza.',4,6,'2025-01-30 13:42:07'),(521,125,'Davide Ferri','Pulizia eccellente','Tutto perfetto, tornerò sicuramente!',1,10,'2025-01-30 13:42:07'),(522,126,'Marco Rossi','Buon soggiorno','Il servizio non è stato all’altezza.',4,8,'2025-01-30 13:42:07'),(523,126,'Giulia Bianchi','Esperienza fantastica','Un po’ rumoroso, ma nel complesso buono.',4,11,'2025-01-30 13:42:07'),(524,126,'Davide Ferri','Un po’ deluso','Vista spettacolare, da rifare.',4,8,'2025-01-30 13:42:07'),(525,127,'Marco Rossi','Buon rapporto qualità-prezzo','Prezzo conveniente e ottima posizione.',1,9,'2025-01-30 13:42:07'),(526,127,'Luca Verdi','Esperienza fantastica','Ottimo per un soggiorno breve.',5,10,'2025-01-30 13:42:07'),(527,127,'Elena Neri','Vacanza rilassante','Vista spettacolare, da rifare.',1,4,'2025-01-30 13:42:07'),(528,128,'Martina Conti','Un po’ deluso','Tutto perfetto, tornerò sicuramente!',5,6,'2025-01-30 13:42:07'),(529,128,'Anna Russo','Un po’ deluso','Prezzo conveniente e ottima posizione.',1,10,'2025-01-30 13:42:07'),(530,128,'Stefano Galli','Buon rapporto qualità-prezzo','Tutto perfetto, tornerò sicuramente!',1,2,'2025-01-30 13:42:07'),(766,209,'Marco Rossi','Esperienza fantastica','Tutto perfetto, tornerò sicuramente!',2,10,'2025-01-30 13:43:42'),(767,209,'Davide Ferri','Buon soggiorno','Vista spettacolare, da rifare.',2,7,'2025-01-30 13:43:42'),(768,209,'Anna Russo','Struttura da migliorare','Tutto perfetto, tornerò sicuramente!',2,11,'2025-01-30 13:43:42'),(769,210,'Stefano Galli','Esperienza fantastica','Ottimo per un soggiorno breve.',3,3,'2025-01-30 13:43:42'),(770,210,'Marco Rossi','Buon soggiorno','Il servizio non è stato all’altezza.',2,6,'2025-01-30 13:43:42'),(771,210,'Elena Neri','Pulizia eccellente','Vista spettacolare, da rifare.',3,5,'2025-01-30 13:43:42'),(772,211,'Giulia Bianchi','Buon soggiorno','Prezzo conveniente e ottima posizione.',4,2,'2025-01-30 13:43:42'),(773,211,'Martina Conti','Vacanza rilassante','Prezzo conveniente e ottima posizione.',5,5,'2025-01-30 13:43:42'),(774,211,'Elena Neri','Un po’ deluso','Vista spettacolare, da rifare.',5,4,'2025-01-30 13:43:42'),(775,212,'Davide Ferri','Servizio eccellente','Tutto perfetto, tornerò sicuramente!',5,10,'2025-01-30 13:43:42'),(776,212,'Martina Conti','Panorama mozzafiato','Il servizio non è stato all’altezza.',5,2,'2025-01-30 13:43:42'),(777,212,'Anna Russo','Servizio eccellente','Molto accogliente, consigliato.',4,2,'2025-01-30 13:43:42'),(778,213,'Martina Conti','Buon rapporto qualità-prezzo','Molto accogliente, consigliato.',4,6,'2025-01-30 13:43:42'),(779,213,'Luca Verdi','Buon soggiorno','Tutto perfetto, tornerò sicuramente!',2,6,'2025-01-30 13:43:42'),(780,213,'Francesco Moretti','Esperienza fantastica','Prezzo conveniente e ottima posizione.',3,2,'2025-01-30 13:43:42'),(781,214,'Luca Verdi','Struttura da migliorare','Prezzo conveniente e ottima posizione.',3,3,'2025-01-30 13:43:42'),(782,214,'Marco Rossi','Servizio eccellente','Tutto perfetto, tornerò sicuramente!',3,7,'2025-01-30 13:43:42'),(783,214,'Marco Rossi','Panorama mozzafiato','Tutto perfetto, tornerò sicuramente!',4,4,'2025-01-30 13:43:42'),(784,215,'Stefano Galli','Buon rapporto qualità-prezzo','Ottimo per un soggiorno breve.',1,7,'2025-01-30 13:43:42'),(785,215,'Giulia Bianchi','Struttura da migliorare','Vista spettacolare, da rifare.',4,3,'2025-01-30 13:43:42'),(786,215,'Davide Ferri','Buon rapporto qualità-prezzo','Un po’ rumoroso, ma nel complesso buono.',2,10,'2025-01-30 13:43:42'),(787,216,'Francesco Moretti','Buon soggiorno','Il servizio non è stato all’altezza.',3,2,'2025-01-30 13:43:42'),(788,216,'Martina Conti','Esperienza fantastica','Un po’ rumoroso, ma nel complesso buono.',2,10,'2025-01-30 13:43:42'),(789,216,'Marco Rossi','Un po’ deluso','Molto accogliente, consigliato.',1,4,'2025-01-30 13:43:42'),(790,217,'Davide Ferri','Un po’ deluso','Molto accogliente, consigliato.',2,2,'2025-01-30 13:43:42'),(791,217,'Stefano Galli','Servizio eccellente','Tutto perfetto, tornerò sicuramente!',5,4,'2025-01-30 13:43:42'),(792,217,'Anna Russo','Buon rapporto qualità-prezzo','Prezzo conveniente e ottima posizione.',3,8,'2025-01-30 13:43:42'),(793,218,'Francesco Moretti','Pulizia eccellente','Vista spettacolare, da rifare.',5,7,'2025-01-30 13:43:42'),(794,218,'Luca Verdi','Pulizia eccellente','Prezzo conveniente e ottima posizione.',1,11,'2025-01-30 13:43:42'),(795,218,'Elena Neri','Esperienza fantastica','Tutto perfetto, tornerò sicuramente!',1,4,'2025-01-30 13:43:42'),(796,219,'Stefano Galli','Vacanza rilassante','Tutto perfetto, tornerò sicuramente!',1,9,'2025-01-30 13:43:42'),(797,219,'Davide Ferri','Buon rapporto qualità-prezzo','Prezzo conveniente e ottima posizione.',5,11,'2025-01-30 13:43:42'),(798,219,'Martina Conti','Panorama mozzafiato','Vista spettacolare, da rifare.',5,7,'2025-01-30 13:43:42'),(799,220,'Marco Rossi','Pulizia eccellente','Ottimo per un soggiorno breve.',3,7,'2025-01-30 13:43:42'),(800,220,'Francesco Moretti','Un po’ deluso','Prezzo conveniente e ottima posizione.',3,8,'2025-01-30 13:43:42'),(801,220,'Davide Ferri','Panorama mozzafiato','Un po’ rumoroso, ma nel complesso buono.',3,2,'2025-01-30 13:43:42'),(802,221,'Davide Ferri','Panorama mozzafiato','Prezzo conveniente e ottima posizione.',4,9,'2025-01-30 13:43:42'),(803,221,'Francesco Moretti','Pulizia eccellente','Un po’ rumoroso, ma nel complesso buono.',2,3,'2025-01-30 13:43:42'),(804,221,'Martina Conti','Panorama mozzafiato','Il servizio non è stato all’altezza.',4,6,'2025-01-30 13:43:42'),(805,222,'Martina Conti','Buon soggiorno','Molto accogliente, consigliato.',1,11,'2025-01-30 13:43:42'),(806,222,'Elena Neri','Servizio eccellente','Il servizio non è stato all’altezza.',3,5,'2025-01-30 13:43:42'),(807,222,'Luca Verdi','Pulizia eccellente','Vista spettacolare, da rifare.',4,11,'2025-01-30 13:43:42'),(808,223,'Martina Conti','Pulizia eccellente','Tutto perfetto, tornerò sicuramente!',4,11,'2025-01-30 13:43:42'),(809,223,'Martina Conti','Pulizia eccellente','Un po’ rumoroso, ma nel complesso buono.',3,11,'2025-01-30 13:43:42'),(810,223,'Anna Russo','Buon soggiorno','Tutto perfetto, tornerò sicuramente!',2,6,'2025-01-30 13:43:42'),(811,224,'Elena Neri','Un po’ deluso','Molto accogliente, consigliato.',2,6,'2025-01-30 13:43:42'),(812,224,'Davide Ferri','Servizio eccellente','Vista spettacolare, da rifare.',1,8,'2025-01-30 13:43:42'),(813,224,'Martina Conti','Buon soggiorno','Ottimo per un soggiorno breve.',1,11,'2025-01-30 13:43:42'),(814,225,'Marco Rossi','Pulizia eccellente','Il servizio non è stato all’altezza.',4,5,'2025-01-30 13:43:42'),(815,225,'Francesco Moretti','Vacanza rilassante','Molto accogliente, consigliato.',1,2,'2025-01-30 13:43:42'),(816,225,'Martina Conti','Buon soggiorno','Vista spettacolare, da rifare.',4,9,'2025-01-30 13:43:42'),(817,226,'Elena Neri','Buon soggiorno','Il servizio non è stato all’altezza.',5,9,'2025-01-30 13:43:42'),(818,226,'Marco Rossi','Buon rapporto qualità-prezzo','Vista spettacolare, da rifare.',3,2,'2025-01-30 13:43:42'),(819,226,'Marco Rossi','Buon rapporto qualità-prezzo','Un po’ rumoroso, ma nel complesso buono.',1,9,'2025-01-30 13:43:42'),(820,227,'Stefano Galli','Pulizia eccellente','Ottimo per un soggiorno breve.',3,3,'2025-01-30 13:43:42'),(821,227,'Marco Rossi','Servizio eccellente','Tutto perfetto, tornerò sicuramente!',3,7,'2025-01-30 13:43:42'),(822,227,'Giulia Bianchi','Esperienza fantastica','Prezzo conveniente e ottima posizione.',3,2,'2025-01-30 13:43:42'),(823,228,'Elena Neri','Esperienza fantastica','Un po’ rumoroso, ma nel complesso buono.',5,7,'2025-01-30 13:43:42'),(824,228,'Anna Russo','Un po’ deluso','Vista spettacolare, da rifare.',1,3,'2025-01-30 13:43:42'),(825,228,'Davide Ferri','Buon soggiorno','Il servizio non è stato all’altezza.',4,6,'2025-01-30 13:43:42'),(826,229,'Martina Conti','Un po’ deluso','Vista spettacolare, da rifare.',4,2,'2025-01-30 13:43:42'),(827,229,'Elena Neri','Un po’ deluso','Vista spettacolare, da rifare.',4,9,'2025-01-30 13:43:42'),(828,229,'Francesco Moretti','Esperienza fantastica','Un po’ rumoroso, ma nel complesso buono.',5,3,'2025-01-30 13:43:42'),(829,230,'Martina Conti','Esperienza fantastica','Il servizio non è stato all’altezza.',2,4,'2025-01-30 13:43:42'),(830,230,'Luca Verdi','Servizio eccellente','Prezzo conveniente e ottima posizione.',2,2,'2025-01-30 13:43:42'),(831,230,'Giulia Bianchi','Un po’ deluso','Prezzo conveniente e ottima posizione.',4,4,'2025-01-30 13:43:42'),(832,231,'Luca Verdi','Servizio eccellente','Tutto perfetto, tornerò sicuramente!',1,8,'2025-01-30 13:43:42'),(833,231,'Francesco Moretti','Panorama mozzafiato','Ottimo per un soggiorno breve.',1,10,'2025-01-30 13:43:42'),(834,231,'Stefano Galli','Buon rapporto qualità-prezzo','Un po’ rumoroso, ma nel complesso buono.',4,11,'2025-01-30 13:43:42'),(835,232,'Anna Russo','Buon rapporto qualità-prezzo','Molto accogliente, consigliato.',4,2,'2025-01-30 13:43:42'),(836,232,'Martina Conti','Buon soggiorno','Tutto perfetto, tornerò sicuramente!',5,2,'2025-01-30 13:43:42'),(837,232,'Martina Conti','Panorama mozzafiato','Prezzo conveniente e ottima posizione.',4,7,'2025-01-30 13:43:42'),(838,233,'Martina Conti','Struttura da migliorare','Ottimo per un soggiorno breve.',5,5,'2025-01-30 13:43:42'),(839,233,'Luca Verdi','Pulizia eccellente','Vista spettacolare, da rifare.',4,10,'2025-01-30 13:43:42'),(840,233,'Elena Neri','Vacanza rilassante','Il servizio non è stato all’altezza.',4,2,'2025-01-30 13:43:42'),(841,234,'Giulia Bianchi','Panorama mozzafiato','Il servizio non è stato all’altezza.',4,9,'2025-01-30 13:43:42'),(842,234,'Davide Ferri','Pulizia eccellente','Vista spettacolare, da rifare.',1,10,'2025-01-30 13:43:42'),(843,234,'Anna Russo','Panorama mozzafiato','Prezzo conveniente e ottima posizione.',2,7,'2025-01-30 13:43:42'),(844,235,'Davide Ferri','Esperienza fantastica','Molto accogliente, consigliato.',1,7,'2025-01-30 13:43:42'),(845,235,'Anna Russo','Buon rapporto qualità-prezzo','Tutto perfetto, tornerò sicuramente!',4,9,'2025-01-30 13:43:42'),(846,235,'Francesco Moretti','Esperienza fantastica','Un po’ rumoroso, ma nel complesso buono.',3,7,'2025-01-30 13:43:42'),(847,236,'Giulia Bianchi','Esperienza fantastica','Un po’ rumoroso, ma nel complesso buono.',5,2,'2025-01-30 13:43:42'),(848,236,'Anna Russo','Esperienza fantastica','Vista spettacolare, da rifare.',3,10,'2025-01-30 13:43:42'),(849,236,'Anna Russo','Pulizia eccellente','Vista spettacolare, da rifare.',3,9,'2025-01-30 13:43:42'),(850,237,'Stefano Galli','Pulizia eccellente','Ottimo per un soggiorno breve.',4,4,'2025-01-30 13:43:42'),(851,237,'Elena Neri','Vacanza rilassante','Tutto perfetto, tornerò sicuramente!',4,6,'2025-01-30 13:43:42'),(852,237,'Marco Rossi','Servizio eccellente','Molto accogliente, consigliato.',2,3,'2025-01-30 13:43:42'),(853,238,'Anna Russo','Servizio eccellente','Molto accogliente, consigliato.',3,8,'2025-01-30 13:43:42'),(854,238,'Marco Rossi','Vacanza rilassante','Prezzo conveniente e ottima posizione.',2,3,'2025-01-30 13:43:42'),(855,238,'Giulia Bianchi','Buon rapporto qualità-prezzo','Molto accogliente, consigliato.',4,3,'2025-01-30 13:43:42'),(856,239,'Luca Verdi','Vacanza rilassante','Molto accogliente, consigliato.',2,3,'2025-01-30 13:43:42'),(857,239,'Anna Russo','Pulizia eccellente','Un po’ rumoroso, ma nel complesso buono.',4,2,'2025-01-30 13:43:42'),(858,239,'Giulia Bianchi','Struttura da migliorare','Un po’ rumoroso, ma nel complesso buono.',3,2,'2025-01-30 13:43:42'),(859,240,'Marco Rossi','Esperienza fantastica','Prezzo conveniente e ottima posizione.',3,7,'2025-01-30 13:43:42'),(860,240,'Francesco Moretti','Buon soggiorno','Tutto perfetto, tornerò sicuramente!',2,6,'2025-01-30 13:43:42'),(861,240,'Giulia Bianchi','Panorama mozzafiato','Il servizio non è stato all’altezza.',5,10,'2025-01-30 13:43:42'),(862,241,'Davide Ferri','Esperienza fantastica','Molto accogliente, consigliato.',4,2,'2025-01-30 13:43:42'),(863,241,'Luca Verdi','Buon soggiorno','Un po’ rumoroso, ma nel complesso buono.',1,5,'2025-01-30 13:43:42'),(864,241,'Luca Verdi','Vacanza rilassante','Il servizio non è stato all’altezza.',1,6,'2025-01-30 13:43:42'),(865,242,'Luca Verdi','Buon rapporto qualità-prezzo','Ottimo per un soggiorno breve.',1,4,'2025-01-30 13:43:42'),(866,242,'Giulia Bianchi','Buon rapporto qualità-prezzo','Tutto perfetto, tornerò sicuramente!',4,10,'2025-01-30 13:43:42'),(867,242,'Marco Rossi','Un po’ deluso','Molto accogliente, consigliato.',5,9,'2025-01-30 13:43:42'),(868,243,'Luca Verdi','Buon rapporto qualità-prezzo','Tutto perfetto, tornerò sicuramente!',5,2,'2025-01-30 13:43:42'),(869,243,'Francesco Moretti','Panorama mozzafiato','Il servizio non è stato all’altezza.',5,7,'2025-01-30 13:43:42'),(870,243,'Elena Neri','Vacanza rilassante','Molto accogliente, consigliato.',2,6,'2025-01-30 13:43:42'),(871,244,'Francesco Moretti','Vacanza rilassante','Prezzo conveniente e ottima posizione.',5,4,'2025-01-30 13:43:42'),(872,244,'Martina Conti','Vacanza rilassante','Prezzo conveniente e ottima posizione.',5,5,'2025-01-30 13:43:42'),(873,244,'Giulia Bianchi','Servizio eccellente','Un po’ rumoroso, ma nel complesso buono.',3,10,'2025-01-30 13:43:42'),(874,245,'Stefano Galli','Buon rapporto qualità-prezzo','Tutto perfetto, tornerò sicuramente!',1,10,'2025-01-30 13:43:42'),(875,245,'Luca Verdi','Servizio eccellente','Vista spettacolare, da rifare.',5,8,'2025-01-30 13:43:42'),(876,245,'Davide Ferri','Panorama mozzafiato','Prezzo conveniente e ottima posizione.',5,9,'2025-01-30 13:43:42'),(877,246,'Stefano Galli','Pulizia eccellente','Il servizio non è stato all’altezza.',1,3,'2025-01-30 13:43:42'),(878,246,'Francesco Moretti','Buon rapporto qualità-prezzo','Prezzo conveniente e ottima posizione.',3,3,'2025-01-30 13:43:42'),(879,246,'Anna Russo','Pulizia eccellente','Il servizio non è stato all’altezza.',2,8,'2025-01-30 13:43:42'),(880,247,'Anna Russo','Esperienza fantastica','Ottimo per un soggiorno breve.',4,2,'2025-01-30 13:43:42'),(881,247,'Marco Rossi','Esperienza fantastica','Prezzo conveniente e ottima posizione.',5,6,'2025-01-30 13:43:42'),(882,247,'Davide Ferri','Esperienza fantastica','Vista spettacolare, da rifare.',4,2,'2025-01-30 13:43:42'),(883,248,'Elena Neri','Pulizia eccellente','Ottimo per un soggiorno breve.',3,8,'2025-01-30 13:43:42'),(884,248,'Martina Conti','Buon soggiorno','Il servizio non è stato all’altezza.',3,6,'2025-01-30 13:43:42'),(885,248,'Anna Russo','Panorama mozzafiato','Molto accogliente, consigliato.',5,5,'2025-01-30 13:43:42');
/*!40000 ALTER TABLE `recensioni` ENABLE KEYS */;
UNLOCK TABLES;

--
-- Table structure for table `tipologie_immobile`
--

DROP TABLE IF EXISTS `tipologie_immobile`;
/*!40101 SET @saved_cs_client     = @@character_set_client */;
/*!50503 SET character_set_client = utf8mb4 */;
CREATE TABLE `tipologie_immobile` (
  `id` int unsigned NOT NULL AUTO_INCREMENT,
  `nome` varchar(45) NOT NULL,
  PRIMARY KEY (`id`),
  UNIQUE KEY `nome_UNIQUE` (`nome`)
) ENGINE=InnoDB AUTO_INCREMENT=6 DEFAULT CHARSET=utf8mb4 COLLATE=utf8mb4_0900_ai_ci;
/*!40101 SET character_set_client = @saved_cs_client */;

--
-- Dumping data for table `tipologie_immobile`
--

LOCK TABLES `tipologie_immobile` WRITE;
/*!40000 ALTER TABLE `tipologie_immobile` DISABLE KEYS */;
INSERT INTO `tipologie_immobile` VALUES (1,'Appartamento'),(4,'Attico'),(5,'Loft'),(3,'Monolocale'),(2,'Villetta');
/*!40000 ALTER TABLE `tipologie_immobile` ENABLE KEYS */;
UNLOCK TABLES;
/*!40103 SET TIME_ZONE=@OLD_TIME_ZONE */;

/*!40101 SET SQL_MODE=@OLD_SQL_MODE */;
/*!40014 SET FOREIGN_KEY_CHECKS=@OLD_FOREIGN_KEY_CHECKS */;
/*!40014 SET UNIQUE_CHECKS=@OLD_UNIQUE_CHECKS */;
/*!40101 SET CHARACTER_SET_CLIENT=@OLD_CHARACTER_SET_CLIENT */;
/*!40101 SET CHARACTER_SET_RESULTS=@OLD_CHARACTER_SET_RESULTS */;
/*!40101 SET COLLATION_CONNECTION=@OLD_COLLATION_CONNECTION */;
/*!40111 SET SQL_NOTES=@OLD_SQL_NOTES */;

-- Dump completed on 2025-01-30 14:49:56
