-- MySQL dump 10.13  Distrib 8.0.40, for Win64 (x86_64)
--
-- Host: localhost    Database: boolbnb
-- ------------------------------------------------------
-- Server version	8.0.40

/*!40101 SET @OLD_CHARACTER_SET_CLIENT=@@CHARACTER_SET_CLIENT */;
/*!40101 SET @OLD_CHARACTER_SET_RESULTS=@@CHARACTER_SET_RESULTS */;
/*!40101 SET @OLD_COLLATION_CONNECTION=@@COLLATION_CONNECTION */;
/*!50503 SET NAMES utf8 */;
/*!40103 SET @OLD_TIME_ZONE=@@TIME_ZONE */;
/*!40103 SET TIME_ZONE='+00:00' */;
/*!40014 SET @OLD_UNIQUE_CHECKS=@@UNIQUE_CHECKS, UNIQUE_CHECKS=0 */;
/*!40014 SET @OLD_FOREIGN_KEY_CHECKS=@@FOREIGN_KEY_CHECKS, FOREIGN_KEY_CHECKS=0 */;
/*!40101 SET @OLD_SQL_MODE=@@SQL_MODE, SQL_MODE='NO_AUTO_VALUE_ON_ZERO' */;
/*!40111 SET @OLD_SQL_NOTES=@@SQL_NOTES, SQL_NOTES=0 */;

--
-- Table structure for table `immobili`
--

DROP TABLE IF EXISTS `immobili`;
/*!40101 SET @saved_cs_client     = @@character_set_client */;
/*!50503 SET character_set_client = utf8mb4 */;
CREATE TABLE `immobili` (
  `id` int unsigned NOT NULL AUTO_INCREMENT,
  `id_proprietario` int unsigned NOT NULL,
  `id_tipologia_immobile` int unsigned NOT NULL,
  `titolo` varchar(150) NOT NULL,
  `num_stanze` tinyint unsigned NOT NULL,
  `num_letti` tinyint unsigned NOT NULL,
  `num_bagni` tinyint unsigned NOT NULL,
  `città` varchar(60) NOT NULL,
  `indirizzo` varchar(150) NOT NULL,
  `mq` int unsigned DEFAULT NULL,
  `immagine` varchar(260) DEFAULT NULL,
  `num_likes` int unsigned DEFAULT '0',
  PRIMARY KEY (`id`),
  UNIQUE KEY `id_UNIQUE` (`id`),
  KEY `id_proprietario_idx` (`id_proprietario`),
  KEY `id_tipologia_immobile_idx` (`id_tipologia_immobile`),
  CONSTRAINT `id_proprietario` FOREIGN KEY (`id_proprietario`) REFERENCES `proprietari` (`id`) ON UPDATE CASCADE,
  CONSTRAINT `id_tipologia_immobile` FOREIGN KEY (`id_tipologia_immobile`) REFERENCES `tipologie_immobile` (`id`) ON DELETE RESTRICT ON UPDATE CASCADE
) ENGINE=InnoDB AUTO_INCREMENT=37 DEFAULT CHARSET=utf8mb4 COLLATE=utf8mb4_0900_ai_ci;
/*!40101 SET character_set_client = @saved_cs_client */;

--
-- Dumping data for table `immobili`
--

LOCK TABLES `immobili` WRITE;
/*!40000 ALTER TABLE `immobili` DISABLE KEYS */;
INSERT INTO `immobili` VALUES (1,5,1,'Appartamento accogliente nel centro di Roma',3,2,1,'Roma','Via Nazionale, 42',85,NULL,200),(2,12,2,'Villetta con giardino a Firenze',4,3,2,'Firenze','Viale dei Colli, 10',150,NULL,450),(3,7,3,'Monolocale arredato a Napoli',1,1,1,'Napoli','Via Partenope, 15',40,NULL,126),(4,5,4,'Attico moderno con vista a Roma',3,2,1,'Roma','Piazza di Spagna, 8',120,NULL,300),(5,19,5,'Loft spazioso a Milano',2,2,1,'Milano','Corso Como, 55',90,NULL,350),(6,3,1,'Appartamento in zona universitaria a Torino',3,2,1,'Torino','Via Po, 30',95,NULL,210),(7,12,2,'Villetta indipendente con giardino a Firenze',4,3,2,'Firenze','Piazza della Libertà, 25',160,NULL,400),(8,7,3,'Monolocale centrale a Napoli',1,1,1,'Napoli','Via Toledo, 56',35,NULL,95),(9,21,4,'Appartamento luminoso a Verona',3,2,1,'Verona','Via Giuseppe Mazzini, 14',80,NULL,180),(10,30,5,'Loft elegante a Bologna',2,2,1,'Bologna','Piazza Maggiore, 9',75,NULL,220),(11,5,4,'Attico con terrazza a Roma',3,2,1,'Roma','Viale Europa, 11',130,NULL,320),(12,8,3,'Monolocale economico a Palermo',1,1,1,'Palermo','Via Roma, 27',30,NULL,80),(13,17,2,'Villetta con vista a Bari',4,3,2,'Bari','Lungomare, 45',140,NULL,360),(14,9,1,'Appartamento ristrutturato a Genova',3,2,1,'Genova','Via Garibaldi, 20',85,NULL,210),(15,7,3,'Monolocale vicino al mare a Napoli',1,1,1,'Napoli','Via Marina, 10',40,NULL,100),(16,16,1,'Appartamento moderno a Trento',3,2,1,'Trento','Via Dante, 16',95,NULL,230),(17,19,2,'Villetta con giardino privato a Milano',5,4,3,'Milano','Via della Moscova, 12',160,NULL,450),(18,3,1,'Appartamento a Torino in zona tranquilla',2,2,1,'Torino','Corso Moncalieri, 40',70,NULL,160),(19,25,5,'Loft elegante a Lecce',2,2,1,'Lecce','Piazza Sant’Oronzo, 7',80,NULL,240),(20,10,4,'Attico con vista mare a Venezia',4,3,2,'Venezia','Riva degli Schiavoni, 13',120,NULL,350),(21,15,1,'Appartamento familiare a Bolzano',4,3,2,'Bolzano','Via della Stazione, 5',100,NULL,220),(22,25,2,'Villetta moderna a Lecce',5,4,3,'Lecce','Via Leopardi, 15',180,NULL,500),(23,22,5,'Loft con vista panoramica a Trieste',2,2,1,'Trieste','Viale XX Settembre, 22',95,NULL,270),(24,9,1,'Appartamento con terrazza a Parma',3,2,1,'Parma','Piazza Garibaldi, 18',85,NULL,210),(25,12,3,'Monolocale per studenti a Firenze',1,1,1,'Firenze','Via dei Calzaiuoli, 8',30,NULL,75),(26,13,2,'Villetta con piscina a Modena',5,4,3,'Modena','Via Emilia, 88',150,NULL,420),(27,14,1,'Appartamento con vista a Pisa',3,2,1,'Pisa','Lungarno, 24',90,NULL,250),(28,7,5,'Loft a Napoli con soppalco',2,2,1,'Napoli','Via Chiaia, 17',80,NULL,220),(29,24,4,'Attico panoramico a Salerno',4,3,2,'Salerno','Lungomare, 3',110,NULL,300),(30,13,3,'Monolocale economico a Roma',1,1,1,'Roma','Via Appia Nuova, 45',30,NULL,85),(31,19,2,'Villetta elegante con giardino a Milano',5,4,3,'Milano','Viale Monza, 20',170,NULL,490),(32,6,1,'Appartamento vicino alla stazione a Ravenna',2,2,1,'Ravenna','Viale dei Mille, 12',60,NULL,180),(33,30,4,'Attico esclusivo a Bologna',3,2,1,'Bologna','Via Ugo Bassi, 10',120,NULL,330);
/*!40000 ALTER TABLE `immobili` ENABLE KEYS */;
UNLOCK TABLES;

--
-- Table structure for table `proprietari`
--

DROP TABLE IF EXISTS `proprietari`;
/*!40101 SET @saved_cs_client     = @@character_set_client */;
/*!50503 SET character_set_client = utf8mb4 */;
CREATE TABLE `proprietari` (
  `id` int unsigned NOT NULL AUTO_INCREMENT,
  `email` varchar(320) NOT NULL,
  `telefono` int unsigned NOT NULL,
  `nome` varchar(60) NOT NULL,
  `cognome` varchar(60) NOT NULL,
  PRIMARY KEY (`id`),
  UNIQUE KEY `email_UNIQUE` (`email`),
  UNIQUE KEY `telefono_UNIQUE` (`telefono`)
) ENGINE=InnoDB AUTO_INCREMENT=31 DEFAULT CHARSET=utf8mb4 COLLATE=utf8mb4_0900_ai_ci;
/*!40101 SET character_set_client = @saved_cs_client */;

--
-- Dumping data for table `proprietari`
--

LOCK TABLES `proprietari` WRITE;
/*!40000 ALTER TABLE `proprietari` DISABLE KEYS */;
INSERT INTO `proprietari` VALUES (1,'piergiorgio.errigo@tiscali.it',3137500944,'Piergiorgio','Errigo'),(2,'ilaria.combi@gmail.com',3073300787,'Ilaria','Combi'),(3,'armando.bembo@gmail.com',3810736819,'Armando','Bembo'),(4,'martino.rossini@poste.it',3318952555,'Martino','Rossini'),(5,'rembrandt.bertoli@fastwebnet.it',3050159761,'Rembrandt','Bertoli'),(6,'lorenzo.doglioni@libero.it',3214839309,'Lorenzo','Doglioni'),(7,'paolo.branciforte@tele2.it',3689567053,'Paolo','Branciforte'),(8,'elisa.buscetta@outlook.com',3058265516,'Elisa','Buscetta'),(9,'orazio.bocelli@outlook.com',3924902210,'Orazio','Bocelli'),(10,'giorgia.cibin@tiscali.it',3408979446,'Giorgia','Cibin'),(11,'alphons.finotto@tim.it',3975990991,'Alphons','Finotto'),(12,'bettina.cusano@libero.it',3020945934,'Bettina','Cusano'),(13,'daniele.babati@poste.it',3498962992,'Daniele','Babati'),(14,'milena.marcacci@tele2.it',3655251695,'Milena','Marcacci'),(15,'lando.salata@libero.it',3372094446,'Lando','Salata'),(16,'ramona.pausini@gmail.com',3353880885,'Ramona','Pausini'),(17,'piero.majorana@yahoo.com',3640115741,'Piero','Majorana'),(18,'patrizia.bondumier@vodafone.it',3954873249,'Patrizia','Bondumier'),(19,'gianmarco.sagredo@tele2.it',3117417363,'Gianmarco','Sagredo'),(20,'maria.nadi@gmail.com',3160867505,'Maria','Nadi'),(21,'azeglio.folliero@gmail.com',3540817848,'Azeglio','Folliero'),(22,'giulio.badoglio@hotmail.com',3848142472,'Giulio','Badoglio'),(23,'stefania.zampa@tim.it',3582610142,'Stefania','Zampa'),(24,'lucio.maderno@fastwebnet.it',3429022295,'Lucio','Maderno'),(25,'piero.petrocelli@fastwebnet.it',3773782860,'Piero','Petrocelli'),(26,'giulia.terragni@gmail.com',3241916284,'Giulia','Terragni'),(27,'panfilo.nicolini@tin.it',3430263305,'Panfilo','Nicolini'),(28,'fortunata.iannucci@libero.it',3905704657,'Fortunata','Iannucci'),(29,'sebastiano.tognazzi@libero.it',3996134233,'Sebastiano','Tognazzi'),(30,'benvenuto.vendetti@hotmail.it',3460073261,'Benvenuto','Vendetti');
/*!40000 ALTER TABLE `proprietari` ENABLE KEYS */;
UNLOCK TABLES;

--
-- Table structure for table `recensioni`
--

DROP TABLE IF EXISTS `recensioni`;
/*!40101 SET @saved_cs_client     = @@character_set_client */;
/*!50503 SET character_set_client = utf8mb4 */;
CREATE TABLE `recensioni` (
  `id` int unsigned NOT NULL AUTO_INCREMENT,
  `id_immobile` int unsigned NOT NULL,
  `nome` varchar(45) NOT NULL,
  `titolo` varchar(60) NOT NULL,
  `testo` text NOT NULL,
  `voto` tinyint unsigned NOT NULL,
  `num_giorni_di_permanenza` tinyint unsigned NOT NULL,
  `creata_il` timestamp NOT NULL DEFAULT CURRENT_TIMESTAMP,
  PRIMARY KEY (`id`),
  UNIQUE KEY `id_UNIQUE` (`id`),
  KEY `id_utente_idx` (`nome`),
  KEY `id_immobile` (`id_immobile`),
  CONSTRAINT `id_immobile` FOREIGN KEY (`id_immobile`) REFERENCES `immobili` (`id`) ON UPDATE CASCADE
) ENGINE=InnoDB AUTO_INCREMENT=246 DEFAULT CHARSET=utf8mb4 COLLATE=utf8mb4_0900_ai_ci;
/*!40101 SET character_set_client = @saved_cs_client */;

--
-- Dumping data for table `recensioni`
--

LOCK TABLES `recensioni` WRITE;
/*!40000 ALTER TABLE `recensioni` DISABLE KEYS */;
INSERT INTO `recensioni` VALUES (76,1,'Jonny','Ottimo soggiorno','L\'immobile era molto accogliente e ben posizionato. Consigliato!',5,7,'2025-01-21 15:50:24'),(77,1,'Alessandro','Bella esperienza','La casa era pulita e confortevole, ma un po\' lontana dal centro.',4,5,'2025-01-21 15:50:24'),(78,1,'Camillo','Deluso','L\'immobile non era come mi aspettavo, alcuni servizi non funzionavano.',2,3,'2025-01-21 15:50:24'),(79,1,'Mattia','Soggiorno tranquillo','Posto tranquillo, ottima per una fuga dalla città. Un po\' isolato però.',4,6,'2025-01-21 15:50:24'),(80,1,'Brigitte','Molto buono','Esperienza molto positiva, la casa aveva tutto il necessario per un soggiorno comodo.',5,4,'2025-01-21 15:50:24'),(81,2,'Simone','Eccellente!','Tutto perfetto, non c\'è altro da aggiungere.',5,8,'2025-01-21 15:50:24'),(82,2,'Paolo','Accogliente e funzionale','L\'immobile è ben attrezzato e con una buona posizione.',4,6,'2025-01-21 15:50:24'),(83,2,'Gianni','Un po\' costoso','Il soggiorno è stato bello, ma un po\' caro rispetto ad altre opzioni nella zona.',3,5,'2025-01-21 15:50:24'),(84,2,'Mauro','Soggiorno lungo','Ho soggiornato qui per più di una settimana, molto soddisfatto della comodità.',4,9,'2025-01-21 15:50:24'),(85,2,'Riccardo','Non tornerei','La casa non rispecchiava le foto online e alcuni dettagli erano mancanti.',2,4,'2025-01-21 15:50:24'),(86,3,'Loretta','Perfetto per una famiglia','Adatto per una famiglia con bambini, spazi ampi e ben organizzati.',5,7,'2025-01-21 15:50:24'),(87,3,'Sandra','Piacevole','Molto comodo e ben arredato, ma la cucina poteva essere meglio attrezzata.',4,5,'2025-01-21 15:50:24'),(88,3,'Claudia','Soggiorno di qualità','Abbiamo apprezzato la posizione e la qualità dei servizi.',5,6,'2025-01-21 15:50:24'),(89,3,'Rossella','Non male','Nel complesso positivo, ma c\'era un po\' troppo rumore durante la notte.',3,4,'2025-01-21 15:50:24'),(90,3,'Maurizio','Soddisfacente','Un buon soggiorno, anche se la pulizia non era impeccabile.',3,5,'2025-01-21 15:50:24'),(91,4,'Aurelio','Posizione ideale','Comoda per raggiungere il centro e i servizi principali.',5,6,'2025-01-21 15:50:24'),(92,4,'Plutenzio','Nessun problema','Soggiorno senza particolari problemi, ma niente di eccezionale.',3,4,'2025-01-21 15:50:24'),(93,4,'Blauer','Splendido soggiorno','Posto incantevole, davvero una bella esperienza.',5,5,'2025-01-21 15:50:24'),(94,4,'Graham','Voto positivo','Molto buono ma mancano alcune comodità.',4,6,'2025-01-21 15:50:24'),(95,4,'Mattia','Da migliorare','Servizi non all\'altezza delle aspettative, un po\' sotto la media.',2,4,'2025-01-21 15:50:24'),(96,5,'Giorgio','Super consigliato!','Tutto perfetto, casa bellissima e comoda. Voto 5/5.',5,7,'2025-01-21 15:50:24'),(97,5,'Fabio','Soggiorno ideale','Posizione tranquilla e servizi ottimi.',5,5,'2025-01-21 15:50:24'),(98,5,'Fabiana','Poca pulizia','Mi aspettavo di più in termini di pulizia, ma per il resto ok.',3,5,'2025-01-21 15:50:24'),(99,5,'Lutezia','Ritorneremo!','Abbiamo apprezzato la nostra permanenza, ottimo per famiglie.',4,6,'2025-01-21 15:50:24'),(100,5,'Gloria','Ottimo rapporto qualità-prezzo','Buona sistemazione, nonostante alcuni piccoli difetti.',4,4,'2025-01-21 15:50:24'),(101,6,'Giovanni','Perfetto per un weekend','Comodo per un breve soggiorno, arredamento moderno e accogliente.',5,3,'2025-01-21 15:50:24'),(102,6,'Gulia','Troppo lontano dal mare','La casa è carina, ma troppo distante dalla spiaggia.',3,5,'2025-01-21 15:50:24'),(103,6,'Carla','Comodo ma da migliorare','In generale positivo, ma i letti non erano molto comodi.',4,6,'2025-01-21 15:50:24'),(104,6,'Tigullio','Casa accogliente','Molto confortevole e ben attrezzata, ci tornerò sicuramente.',5,7,'2025-01-21 15:50:24'),(105,6,'Bronson','Discreta','Buona posizione ma l\'immobile necessitava di qualche manutenzione.',3,4,'2025-01-21 15:50:24'),(111,8,'Simone','In generale buono','Tutto positivo, ma ci sono piccole cose da migliorare.',4,6,'2025-01-21 15:50:24'),(113,8,'Gianni','Perfetto!','Tutto andato benissimo, mi sono divertito molto.',5,7,'2025-01-21 15:50:24'),(114,8,'Mauro','Accogliente','L\'immobile era molto confortevole e adatto alla mia famiglia.',5,6,'2025-01-21 15:50:24'),(115,8,'Riccardo','Soggiorno piacevole','Soggiorno confortevole, ma non eccezionale.',4,5,'2025-01-21 15:50:24'),(116,9,'Loretta','Ottimo soggiorno','Perfetto per una famiglia, spazi ampi e ben arredati.',5,6,'2025-01-21 15:50:24'),(117,9,'Sandra','Ritorneremo sicuramente','Casa molto ben posizionata, vicina a tutto. Ci siamo trovati benissimo.',5,7,'2025-01-21 15:50:24'),(118,9,'Claudia','Soggiorno ok','Nessun problema, ma niente di eccezionale.',4,5,'2025-01-21 15:50:24'),(119,9,'Rossella','Soggiorno ok','Un po\' piccolo, ma nel complesso confortevole.',4,4,'2025-01-21 15:50:24'),(120,9,'Maurizio','Non troppo soddisfatto','Servizi limitati rispetto ad altre strutture nella stessa zona.',3,4,'2025-01-21 15:50:24'),(121,10,'Aurelio','Molto comodo','Comodo, ben posizionato e arredato. Voto positivo.',4,5,'2025-01-21 15:50:24'),(122,10,'Plutenzio','Soggiorno breve','Soggiorno positivo, ma la casa necessitava di un po\' di manutenzione.',3,4,'2025-01-21 15:50:24'),(123,10,'Blauer','Molto buono','Ottimo rapporto qualità-prezzo, molto ben arredato.',5,6,'2025-01-21 15:50:24'),(124,10,'Graham','Ottimo soggiorno','Soggiorno perfetto, ci torneremo sicuramente.',5,7,'2025-01-21 15:50:24'),(125,10,'Mattia','Un po\' deluso','Non rispecchiava completamente le foto e qualche servizio mancava.',3,5,'2025-01-21 15:50:24'),(126,11,'Giorgio','Esperienza bellissima','Abbiamo trascorso una settimana fantastica, casa molto accogliente.',5,7,'2025-01-21 15:50:24'),(127,11,'Fabio','Tutto ok','Soggiorno senza problemi, ma niente di speciale.',4,5,'2025-01-21 15:50:24'),(128,11,'Fabiana','Ottima posizione','La casa era ben posizionata, vicino ai servizi.',5,6,'2025-01-21 15:50:24'),(129,11,'Lutezia','Un po\' troppo costoso','La casa è buona, ma il prezzo potrebbe essere più basso per quello che offre.',3,5,'2025-01-21 15:50:24'),(130,11,'Gloria','Soggiorno piacevole','Un posto carino e tranquillo, consigliato.',4,6,'2025-01-21 15:50:24'),(131,12,'Giovanni','Accogliente e pulita','La casa è molto pulita e ben curata, ideale per una vacanza in famiglia.',5,6,'2025-01-21 15:50:24'),(132,12,'Gulia','Un po\' rumoroso','La zona è un po\' rumorosa, ma la casa è comunque comoda e ben attrezzata.',4,5,'2025-01-21 15:50:24'),(133,12,'Carla','Perfetto per coppie','Molto intima, ideale per una coppia. Ci tornerò sicuramente.',5,4,'2025-01-21 15:50:24'),(134,12,'Tigullio','Poca privacy','La casa è un po\' troppo vicina ad altre strutture, non offre molta privacy.',3,5,'2025-01-21 15:50:24'),(135,12,'Bronson','Molto buona','Un soggiorno positivo, ma alcuni dettagli potrebbero essere migliorati.',4,6,'2025-01-21 15:50:24'),(136,13,'Jonny','Soggiorno tranquillo','Posto tranquillo, perfetto per rilassarsi, ma un po\' lontano dal centro.',4,7,'2025-01-21 15:50:24'),(137,13,'Alessandro','Molto confortevole','La casa è ben arredata e comoda, ottima per una famiglia.',5,6,'2025-01-21 15:50:24'),(138,13,'Camillo','Non male','La casa era carina, ma alcuni dettagli potevano essere migliori.',3,5,'2025-01-21 15:50:24'),(139,13,'Mattia','Ottima posizione','Vicino a molti punti d\'interesse, facilmente raggiungibile.',5,6,'2025-01-21 15:50:24'),(140,13,'Brigitte','Buona ma con difetti','Nel complesso buona, ma il bagno aveva dei problemi con l\'acqua calda.',3,5,'2025-01-21 15:50:24'),(141,14,'Simone','Super consigliato!','Ottima esperienza, la casa è bellissima e ben posizionata.',5,7,'2025-01-21 15:50:24'),(142,14,'Paolo','Accogliente','Molto accogliente e ben posizionata, vicino ai ristoranti e negozi.',5,5,'2025-01-21 15:50:24'),(143,14,'Gianni','Non adatta a gruppi','La casa è troppo piccola per un gruppo numeroso, ma perfetta per due persone.',3,4,'2025-01-21 15:50:24'),(144,14,'Mauro','Carina ma un po\' isolata','La casa è carina, ma un po\' isolata, senza molta vita nelle vicinanze.',4,5,'2025-01-21 15:50:24'),(145,14,'Riccardo','Migliorabile','La casa ha bisogno di alcune migliorie, ma nel complesso è ok.',3,4,'2025-01-21 15:50:24'),(146,15,'Loretta','Buona scelta','Casa spaziosa, ben arredata e ben posizionata, ci siamo trovati molto bene.',5,6,'2025-01-21 15:50:24'),(147,15,'Sandra','Comodo e ben posizionato','Soggiorno molto comodo, ben posizionato, ma un po\' caro.',4,5,'2025-01-21 15:50:24'),(148,15,'Claudia','Adatto per famiglie','Perfetta per una vacanza in famiglia, con spazi ampi e ben organizzati.',5,7,'2025-01-21 15:50:24'),(149,15,'Rossella','Soggiorno tranquillo','Posizione tranquilla, casa pulita, ma un po\' lontana da tutto.',4,6,'2025-01-21 15:50:24'),(150,15,'Maurizio','Soddisfacente','Tutto ok, ma alcuni dettagli non erano come descritti.',3,5,'2025-01-21 15:50:24'),(151,16,'Aurelio','Ottima vacanza','L\'immobile è ben posizionato, tranquillo e ben arredato.',5,6,'2025-01-21 15:53:14'),(152,16,'Plutenzio','Perfetto per famiglie','Adatto per famiglie con bambini, molto comodo e sicuro.',5,7,'2025-01-21 15:53:14'),(153,16,'Blauer','Accogliente','Un soggiorno molto piacevole, ma la cucina potrebbe essere migliorata.',4,5,'2025-01-21 15:53:14'),(154,16,'Graham','Niente di speciale','Soggiorno nella media, ma alcuni dettagli non mi hanno soddisfatto.',3,4,'2025-01-21 15:53:14'),(155,16,'Mattia','Buon rapporto qualità-prezzo','Ottimo rapporto qualità-prezzo, ma manca qualche comodità.',4,5,'2025-01-21 15:53:14'),(156,17,'Giorgio','Molto soddisfatti','Casa spaziosa e ben posizionata, ci siamo trovati benissimo.',5,6,'2025-01-21 15:53:14'),(157,17,'Fabio','Ritorneremo','Posto tranquillo e accogliente, consigliato per famiglie.',5,7,'2025-01-21 15:53:14'),(158,17,'Fabiana','Buona sistemazione','Posizione ottima, ma un po\' lontano dalla spiaggia.',4,6,'2025-01-21 15:53:14'),(159,17,'Lutezia','Piccole cose da migliorare','Qualche dettaglio potrebbe essere sistemato, ma nel complesso accettabile.',3,4,'2025-01-21 15:53:14'),(160,17,'Gloria','Soggiorno ok','Posizione buona, ma i letti non erano molto comodi.',3,5,'2025-01-21 15:53:14'),(161,18,'Giovanni','Ottima esperienza','Casa davvero bella, comoda e vicina ai principali servizi.',5,6,'2025-01-21 15:53:14'),(162,18,'Gulia','Comodo e pratico','Casa semplice ma ben attrezzata, ottima per una vacanza breve.',4,5,'2025-01-21 15:53:14'),(163,18,'Carla','Non soddisfatto','Molti dettagli non corrispondevano alle aspettative.',2,4,'2025-01-21 15:53:14'),(164,18,'Tigullio','Vicinanza perfetta','La posizione era perfetta, ma la casa necessitava di manutenzione.',4,5,'2025-01-21 15:53:14'),(165,18,'Bronson','Un po\' deluso','La casa era piccola e non c\'era molta privacy.',3,4,'2025-01-21 15:53:14'),(166,19,'Jonny','Splendida vista','La vista era splendida, la casa molto accogliente e ben arredata.',5,7,'2025-01-21 15:53:14'),(167,19,'Alessandro','Ottima posizione','Posizione eccellente, ma la casa non aveva tutti i comfort che speravamo.',4,5,'2025-01-21 15:53:14'),(168,19,'Camillo','Da migliorare','I bagni e la cucina necessitano di una ristrutturazione.',3,4,'2025-01-21 15:53:14'),(169,19,'Mattia','Piacevole','Soggiorno tranquillo, ma la pulizia non era perfetta.',4,6,'2025-01-21 15:53:14'),(170,19,'Brigitte','Carina ma piccola','La casa è carina, ma troppo piccola per il numero di persone.',3,5,'2025-01-21 15:53:14'),(171,20,'Simone','Fantastico','Tutto perfetto, molto confortevole e ben posizionato.',5,6,'2025-01-21 15:53:14'),(172,20,'Paolo','Soggiorno tranquillo','Il soggiorno è stato positivo, ma la posizione era un po\' isolata.',4,5,'2025-01-21 15:53:14'),(173,20,'Gianni','Tutto ok','La casa era accogliente, ma mancava qualche servizio.',3,4,'2025-01-21 15:53:14'),(174,20,'Mauro','Ottima vacanza','Posizione ideale, casa confortevole, ci siamo trovati benissimo.',5,7,'2025-01-21 15:53:14'),(175,20,'Riccardo','Da migliorare','Alcuni servizi non erano come descritti, ma nel complesso accettabile.',3,5,'2025-01-21 15:53:14'),(176,21,'Loretta','Molto soddisfatti','Casa bella e accogliente, perfetta per una vacanza tranquilla.',5,6,'2025-01-21 15:53:14'),(177,21,'Sandra','Casa funzionale','L\'immobile è stato molto comodo, ma alcuni servizi erano scarsi.',4,5,'2025-01-21 15:53:14'),(178,21,'Claudia','Non come nelle foto','La casa era diversa dalle immagini, ma comunque ok per il soggiorno.',3,4,'2025-01-21 15:53:14'),(179,21,'Rossella','Posizione ideale','Casa ben posizionata, vicino a tutti i punti d\'interesse.',5,6,'2025-01-21 15:53:14'),(180,21,'Maurizio','Soggiorno ok','Nessun problema particolare, ma il letto matrimoniale non era molto comodo.',3,5,'2025-01-21 15:53:14'),(181,22,'Aurelio','Casa incantevole','Veramente molto bella, ben attrezzata e ben posizionata.',5,6,'2025-01-21 15:53:14'),(182,22,'Plutenzio','Molto confortevole','La casa è stata un ottimo punto di partenza per visitare la zona.',5,7,'2025-01-21 15:53:14'),(183,22,'Blauer','Soggiorno positivo','Esperienza positiva, ma c\'era un po\' di rumore la sera.',4,5,'2025-01-21 15:53:14'),(184,22,'Graham','Piacevole ma con qualche difetto','La casa era carina, ma i bagni necessitano di una ristrutturazione.',3,5,'2025-01-21 15:53:14'),(185,22,'Mattia','Posizione ottima','La posizione è perfetta, ma la casa non aveva abbastanza comodità.',4,6,'2025-01-21 15:53:14'),(186,23,'Giorgio','Eccellente','Non potevamo chiedere di meglio, la casa è bellissima e ben posizionata.',5,7,'2025-01-21 15:53:14'),(187,23,'Fabio','Accogliente e comoda','Ottima per una vacanza rilassante, vicina ai negozi e ristoranti.',5,6,'2025-01-21 15:53:14'),(188,23,'Fabiana','Buona esperienza','Nel complesso buona, ma mancavano alcuni dettagli nelle attrezzature.',4,5,'2025-01-21 15:53:14'),(189,23,'Lutezia','Vicinanza perfetta','Posizione fantastica, ma la casa è un po\' datata.',3,5,'2025-01-21 15:53:14'),(190,23,'Gloria','Discreto','Soggiorno discreto, ma alcuni aspetti dell\'immobile andrebbero migliorati.',3,4,'2025-01-21 15:53:14'),(191,24,'Giovanni','Vacanza da sogno','Casa bellissima e ben posizionata, ci siamo trovati benissimo.',5,7,'2025-01-21 15:53:14'),(192,24,'Gulia','Soggiorno tranquillo','Il soggiorno è stato piacevole, ma la posizione era un po\' isolata.',4,6,'2025-01-21 15:53:14'),(193,24,'Carla','Posizione eccellente','Casa ben posizionata, ma la pulizia non era perfetta.',4,5,'2025-01-21 15:53:14'),(194,24,'Tigullio','Ritorneremo','Un luogo davvero carino, perfetto per una vacanza rilassante.',5,6,'2025-01-21 15:53:14'),(195,24,'Bronson','Poco accogliente','Non ci è piaciuta la disposizione degli spazi, ma nel complesso accettabile.',3,5,'2025-01-21 15:53:14'),(196,25,'Jonny','Soggiorno piacevole','Casa ben attrezzata e tranquilla, un posto ideale per rilassarsi.',5,6,'2025-01-21 15:53:14'),(197,25,'Alessandro','Accogliente','Molto carina e ben posizionata, ottima per una coppia.',5,5,'2025-01-21 15:53:14'),(198,25,'Camillo','Tutto ok','Molto funzionale, ma c\'era un po\' di polvere sui mobili.',3,4,'2025-01-21 15:53:14'),(199,25,'Mattia','Non soddisfatto','La casa non rispecchiava le foto e mancavano alcuni comfort.',2,4,'2025-01-21 15:53:14'),(200,25,'Brigitte','Buon soggiorno','Nel complesso buono, ma un po\' lontano dai punti principali di interesse.',4,5,'2025-01-21 15:53:14'),(201,26,'Simone','Posizione ideale','Vicino a tutti i principali punti di interesse, molto conveniente.',5,6,'2025-01-21 15:53:14'),(202,26,'Paolo','Buona esperienza','La casa era carina e comoda, ma i servizi lasciavano a desiderare.',4,5,'2025-01-21 15:53:14'),(203,26,'Gianni','Molto bello','La casa è davvero bella e comoda, anche se un po\' piccola per più persone.',4,5,'2025-01-21 15:53:14'),(204,26,'Mauro','Soggiorno tranquillo','Ottima sistemazione, ma la zona non era molto vivace.',4,6,'2025-01-21 15:53:14'),(205,26,'Riccardo','Un po\' caro','Il prezzo era un po\' elevato per la qualità dell\'immobile.',3,4,'2025-01-21 15:53:14'),(206,27,'Loretta','Comodo e ben arredato','Posizione fantastica, comoda per raggiungere il centro.',5,7,'2025-01-21 15:53:14'),(207,27,'Sandra','Buona sistemazione','Nel complesso buona, ma la casa non era abbastanza pulita.',3,5,'2025-01-21 15:53:14'),(208,27,'Claudia','Soggiorno positivo','Soggiorno piacevole, ma manca qualche dettaglio nei comfort.',4,5,'2025-01-21 15:53:14'),(209,27,'Rossella','Discreto','Tutto ok, ma alcuni servizi mancavano.',3,4,'2025-01-21 15:53:14'),(210,27,'Maurizio','Soggiorno rilassante','Posto tranquillo, ben arredato e molto accogliente.',5,6,'2025-01-21 15:53:14'),(211,28,'Aurelio','Splendida casa','La casa è veramente bella, ben attrezzata e perfetta per una vacanza in famiglia.',5,7,'2025-01-21 15:53:14'),(212,28,'Plutenzio','Ottima posizione','Casa molto ben posizionata, ma un po\' rumorosa la sera.',4,5,'2025-01-21 15:53:14'),(213,28,'Blauer','Soggiorno positivo','Posto tranquillo, ma avrei voluto più spazio per il soggiorno.',4,5,'2025-01-21 15:53:14'),(214,28,'Graham','Soddisfacente','La casa è buona, ma c\'era qualche problema di manutenzione.',3,4,'2025-01-21 15:53:14'),(215,28,'Mattia','Perfetto per coppie','Molto accogliente e perfetta per una coppia in cerca di tranquillità.',5,5,'2025-01-21 15:53:14'),(216,29,'Giorgio','Buona sistemazione','La casa era comoda e ben posizionata, ma c\'era poca privacy.',4,5,'2025-01-21 15:53:14'),(217,29,'Fabio','Molto comodo','Soggiorno molto positivo, ottimo per famiglie.',5,6,'2025-01-21 15:53:14'),(218,29,'Fabiana','Non male','Il soggiorno è stato discreto, ma c\'erano alcuni problemi con l\'acqua calda.',3,4,'2025-01-21 15:53:14'),(219,29,'Lutezia','Carino ma piccolo','L\'immobile è carino, ma troppo piccolo per il numero di persone.',3,5,'2025-01-21 15:53:14'),(220,29,'Gloria','Posizione eccellente','Posizione perfetta, vicino a tutto, ma qualche dettaglio da sistemare.',4,5,'2025-01-21 15:53:14'),(221,30,'Giovanni','Ritorneremo sicuramente','Casa bellissima, molto comoda e ben posizionata.',5,6,'2025-01-21 15:53:14'),(222,30,'Gulia','Molto soddisfatti','Ottimo soggiorno, la casa era perfetta per le nostre esigenze.',5,7,'2025-01-21 15:53:14'),(223,30,'Carla','Piccola ma funzionale','La casa è piccola, ma ben attrezzata e funzionale.',4,5,'2025-01-21 15:53:14'),(224,30,'Tigullio','Soggiorno positivo','Nel complesso positivo, ma ci aspettavamo qualcosa in più.',3,4,'2025-01-21 15:53:14'),(225,30,'Bronson','Accogliente e ben posizionata','Molto accogliente, vicino a negozi e ristoranti.',5,5,'2025-01-21 15:53:14'),(226,31,'Jonny','Posto tranquillo','Casa bella e ben posizionata, ideale per una vacanza rilassante.',5,6,'2025-01-21 15:53:14'),(227,31,'Alessandro','Soggiorno ok','La casa era carina, ma mancavano alcuni dettagli nella cucina.',4,5,'2025-01-21 15:53:14'),(228,31,'Camillo','Accogliente','Molto carina e ben attrezzata, ma un po\' lontana dalle principali attrazioni turistiche.',4,6,'2025-01-21 15:53:14'),(229,31,'Mattia','Non soddisfatti','La casa non corrispondeva alle aspettative, alcuni dettagli da migliorare.',2,4,'2025-01-21 15:53:14'),(230,31,'Brigitte','Posizione ideale','Posizione ottima, ma la casa non era ben mantenuta.',3,5,'2025-01-21 15:53:14'),(231,32,'Simone','Un soggiorno fantastico','La casa è bellissima e ben attrezzata, ideale per famiglie.',5,6,'2025-01-21 15:53:14'),(232,32,'Paolo','Piacevole','Soggiorno tranquillo e piacevole, ma la zona era un po\' isolata.',4,5,'2025-01-21 15:53:14'),(233,32,'Gianni','Molto confortevole','La casa è confortevole, ma alcuni aspetti andrebbero migliorati.',4,6,'2025-01-21 15:53:14'),(234,32,'Mauro','Un po\' delusi','La casa è un po\' più piccola di quanto ci aspettassimo.',3,4,'2025-01-21 15:53:14'),(235,32,'Riccardo','Ottima sistemazione','Posizione eccellente e ben attrezzata, ci siamo trovati bene.',5,5,'2025-01-21 15:53:14'),(236,33,'Loretta','Perfetta per la famiglia','Spaziosa e ben organizzata, ottima per una vacanza in famiglia.',5,7,'2025-01-21 15:53:14'),(237,33,'Sandra','Un po\' troppo piccola','La casa era carina, ma troppo piccola per il numero di persone.',3,4,'2025-01-21 15:53:14'),(238,33,'Claudia','Soggiorno ok','Soggiorno tranquillo e piacevole, ma qualche dettaglio da migliorare.',4,5,'2025-01-21 15:53:14'),(239,33,'Rossella','Da migliorare','I letti non erano molto comodi, ma la casa era comunque accogliente.',3,5,'2025-01-21 15:53:14'),(240,33,'Maurizio','Soggiorno perfetto','Soggiorno davvero piacevole, tutto come descritto.',5,6,'2025-01-21 15:53:14'),(245,5,'TEST','TEST','TEST',4,8,'2025-01-27 11:02:46');
/*!40000 ALTER TABLE `recensioni` ENABLE KEYS */;
UNLOCK TABLES;

--
-- Table structure for table `tipologie_immobile`
--

DROP TABLE IF EXISTS `tipologie_immobile`;
/*!40101 SET @saved_cs_client     = @@character_set_client */;
/*!50503 SET character_set_client = utf8mb4 */;
CREATE TABLE `tipologie_immobile` (
  `id` int unsigned NOT NULL AUTO_INCREMENT,
  `nome` varchar(45) NOT NULL,
  PRIMARY KEY (`id`),
  UNIQUE KEY `nome_UNIQUE` (`nome`)
) ENGINE=InnoDB AUTO_INCREMENT=6 DEFAULT CHARSET=utf8mb4 COLLATE=utf8mb4_0900_ai_ci;
/*!40101 SET character_set_client = @saved_cs_client */;

--
-- Dumping data for table `tipologie_immobile`
--

LOCK TABLES `tipologie_immobile` WRITE;
/*!40000 ALTER TABLE `tipologie_immobile` DISABLE KEYS */;
INSERT INTO `tipologie_immobile` VALUES (1,'Appartamento'),(4,'Attico'),(5,'Loft'),(3,'Monolocale'),(2,'Villetta');
/*!40000 ALTER TABLE `tipologie_immobile` ENABLE KEYS */;
UNLOCK TABLES;
/*!40103 SET TIME_ZONE=@OLD_TIME_ZONE */;

/*!40101 SET SQL_MODE=@OLD_SQL_MODE */;
/*!40014 SET FOREIGN_KEY_CHECKS=@OLD_FOREIGN_KEY_CHECKS */;
/*!40014 SET UNIQUE_CHECKS=@OLD_UNIQUE_CHECKS */;
/*!40101 SET CHARACTER_SET_CLIENT=@OLD_CHARACTER_SET_CLIENT */;
/*!40101 SET CHARACTER_SET_RESULTS=@OLD_CHARACTER_SET_RESULTS */;
/*!40101 SET COLLATION_CONNECTION=@OLD_COLLATION_CONNECTION */;
/*!40111 SET SQL_NOTES=@OLD_SQL_NOTES */;

-- Dump completed on 2025-01-27 12:05:11
